Backtest,Return Diff,Return p-value,Signal Return,Signal p-value,Model Type,GARCH,RP,SL,TP
xgb_90_3_5,-0.36109789531139447,0.4719,-97.74134031051258,0.4065,Weak model,True,90,3,5
rf_sig_nogarch_50_20,-0.04682231206359788,0.9314,-86.18305261675722,0.2529,Weak model,False,,50,20
rf_sig_nogarch_3_50,-0.01708564966007775,0.9748,31.38650048492749,0.6992,Weak model,False,,3,50
rf_sig_nogarch_5_5,-0.7014337262865772,0.1478,13.568392947198568,0.8446,Weak model,False,,5,5
rf_sig_nogarch_5_10,-0.5143339924465649,0.3083,39.784761518356724,0.5682,Weak model,False,,5,10
rf_sig_nogarch_5_20,-0.1536850572126015,0.7667,-10.571904821465024,0.8852,Weak model,False,,5,20
rf_sig_nogarch_5_50,-0.09860728343555891,0.8525,12.337284604973505,0.866,Weak model,False,,5,50
rf_sig_nogarch_8_5,-0.5576101426255456,0.2587,-66.75989697327267,0.3388,Weak model,False,,8,5
rf_sig_nogarch_8_10,-0.2992356793927017,0.5569,-78.25105822085725,0.287,Weak model,False,,8,10
rf_sig_nogarch_8_20,-0.04682231206359788,0.9314,-86.18305261675722,0.2529,Weak model,False,,8,20
rf_sig_nogarch_8_50,-6.389417218499727e-05,0.9998,-53.64097646234082,0.4529,Weak model,False,,8,50
rf_sig_nogarch_50_5,-0.55219940286259,0.2639,-82.77287044931307,0.2266,Weak model,False,,50,5
rf_sig_nogarch_50_10,-0.3036789173771096,0.5522,-74.93219178307213,0.299,Weak model,False,,50,10
rf_sig_nogarch_50_50,-6.389417218499727e-05,0.9998,-53.64097646234082,0.4529,Weak model,False,,50,50
rf_sig_nogarch_3_10,-0.33630462803109495,0.4981,42.65673606347025,0.6107,Weak model,False,,3,10
xgb_sig_50_3_5,-0.6216709562996483,0.1974,158.2660456646555,0.0982,Weak model,True,50,3,5
xgb_sig_50_3_10,-0.392652933189924,0.4325,195.4828963896077,0.058,Weak model,True,50,3,10
xgb_sig_50_5_5,-0.6573875107791216,0.1944,118.4605361898432,0.1926,Weak model,True,50,5,5
xgb_sig_50_5_10,-0.44830391831332517,0.3916,136.13008237831235,0.1173,Weak model,True,50,5,10
xgb_sig_50_8_5,-0.710421641439567,0.1685,22.179890760084934,0.7959,Weak model,True,50,8,5
xgb_sig_50_8_10,-0.5445606635905499,0.3066,38.56355508936855,0.6437,Weak model,True,50,8,10
xgb_sig_50_8_20,-0.42092929616983454,0.4388,102.21680612212757,0.2074,Weak model,True,50,8,20
xgb_sig_50_8_50,-0.44080770502858113,0.4183,114.44481306836445,0.1499,Weak model,True,50,8,50
xgb_sig_50_50_5,-0.39058089485441283,0.4953,35.499666381404076,0.6933,Weak model,True,50,50,5
xgb_sig_50_50_10,-0.2728506267648487,0.649,39.730694501741695,0.6362,Weak model,True,50,50,10
xgb_sig_50_50_20,-0.12357222720519312,0.8372,88.37596651525374,0.2903,Weak model,True,50,50,20
rf_sig_nogarch_3_20,-0.03537010944602803,0.9438,-5.150277501285075,0.9502,Weak model,False,,3,20
rf_sig_nogarch_3_5,-0.6468268042121263,0.1728,69.85750965074521,0.3627,Weak model,False,,3,5
xgb_sig_75_3_5,-0.6290745156694166,0.2131,148.47611811090087,0.1444,Weak model,True,75,3,5
rf_sig_90_3_20,-0.0753515005670089,0.8877,66.52298246687022,0.3913,Weak model,True,90,3,20
rf_sig_75_5_50,-0.14407963368592724,0.7866,80.09813574214337,0.1839,Weak model,True,75,5,50
rf_sig_75_8_5,-0.7905107436598751,0.1071,-9.523922490683397,0.8637,Weak model,True,75,8,5
rf_sig_75_8_10,-0.43187628344466356,0.3911,-8.80405820153053,0.8755,Weak model,True,75,8,10
rf_sig_75_8_20,-0.10765413959843606,0.8373,16.120967248306343,0.7981,Weak model,True,75,8,20
rf_sig_75_8_50,-0.05795664494792163,0.9159,45.60738354699062,0.4384,Weak model,True,75,8,50
rf_sig_75_50_5,-0.6065778327169238,0.2274,-28.559066395728692,0.6198,Weak model,True,75,50,5
rf_sig_75_50_10,-0.2879595770997453,0.583,-19.37508561787925,0.741,Weak model,True,75,50,10
rf_sig_75_50_20,0.03067435645642036,0.9536,5.084579222910577,0.9413,Weak model,True,75,50,20
rf_sig_75_50_50,0.08011623297090487,0.8878,35.84755889801084,0.5601,Weak model,True,75,50,50
rf_sig_90_3_5,-0.6691546818745692,0.1483,77.3004470039667,0.2656,Weak model,True,90,3,5
rf_sig_90_3_10,-0.46322204473868556,0.3378,57.446540090672855,0.4365,Weak model,True,90,3,10
rf_sig_90_3_50,-0.031454969856170356,0.9523,79.24159027540132,0.2771,Weak model,True,90,3,50
rf_sig_90_50_50,-0.09717389529517051,0.86,0.9086024880310006,0.9897,Weak model,True,90,50,50
rf_sig_90_5_5,-0.8208953442928123,0.0849,62.776951461234674,0.301,Weak model,True,90,5,5
rf_sig_90_5_10,-0.7407544553081803,0.1352,76.44874864040284,0.1951,Weak model,True,90,5,10
rf_sig_90_5_20,-0.24562528117654214,0.6375,40.3289011756442,0.5606,Weak model,True,90,5,20
rf_sig_90_5_50,-0.18262717041536147,0.7357,46.69937750252916,0.4658,Weak model,True,90,5,50
rf_sig_90_8_5,-0.732281714687667,0.1321,-5.004146661128964,0.9353,Weak model,True,90,8,5
rf_sig_90_8_10,-0.531667418633454,0.2895,-19.460492579145466,0.7498,Weak model,True,90,8,10
rf_sig_90_8_20,-0.16877684230785883,0.7487,-18.596843226379505,0.7789,Weak model,True,90,8,20
rf_sig_90_8_50,-0.09717389529517051,0.86,0.9086024880310006,0.9897,Weak model,True,90,8,50
rf_sig_90_50_5,-0.7267483780663786,0.1347,-19.438991777771555,0.7445,Weak model,True,90,50,5
rf_sig_90_50_10,-0.5368355862602542,0.2858,-16.402826224342476,0.7812,Weak model,True,90,50,10
rf_sig_90_50_20,-0.16877684230785883,0.7487,-18.596843226379505,0.7789,Weak model,True,90,50,20
xgb_sig_50_50_50,-0.1593200357363017,0.792,87.09837115663126,0.286,Weak model,True,50,50,50
xgb_sig_75_5_5,-0.7793921949401256,0.1358,109.47631460951774,0.2534,Weak model,True,75,5,5
rf_nogarch_50_5,-0.5613165563393846,0.2171,-3.3087478543199147,0.9601,Weak model,False,,50,5
mlp_sig_50_3_10,-0.15392839624181598,0.7606,116.20135719673208,0.2064,Weak model,True,50,3,10
xgb_sig_nogarch_5_20,-0.30946713346989596,0.5841,-40.162262440786925,0.7627,Weak model,False,,5,20
xgb_sig_nogarch_5_50,-0.3452588076531058,0.541,-22.960420074565704,0.855,Weak model,False,,5,50
xgb_sig_nogarch_8_5,-0.4365079266402304,0.423,-224.33538008971985,0.0688,Weak model,False,,8,5
xgb_sig_nogarch_8_10,-0.23252952239461688,0.68,-190.87671858089686,0.1343,Weak model,False,,8,10
xgb_sig_nogarch_8_20,-0.20931579041478554,0.7126,-137.05847460851484,0.2949,Weak model,False,,8,20
xgb_sig_nogarch_8_50,-0.24537005983134685,0.664,-114.70166702485658,0.3667,Weak model,False,,8,50
xgb_sig_nogarch_50_5,-0.44078994296775886,0.4181,-228.91021484619253,0.0602,Weak model,False,,50,5
xgb_sig_nogarch_50_10,-0.23690966093762844,0.6742,-195.96301070033778,0.1218,Weak model,False,,50,10
xgb_sig_nogarch_50_20,-0.213443476345772,0.7062,-142.47000744560825,0.272,Weak model,False,,50,20
xgb_sig_nogarch_50_50,-0.2495856637167947,0.6589,-119.96483288857105,0.3401,Weak model,False,,50,50
mlp_sig_50_3_5,-0.2942066109866245,0.5521,69.155379803883,0.4821,Weak model,True,50,3,5
mlp_sig_50_3_20,-0.09006178498770379,0.862,149.67309948386887,0.0826,Weak model,True,50,3,20
xgb_sig_nogarch_5_5,-0.5658884195510309,0.2962,-111.07844129052897,0.3636,Weak model,False,,5,5
mlp_sig_50_3_50,-0.1495046336713316,0.7752,141.12411505176962,0.0795,Weak model,True,50,3,50
mlp_sig_50_5_5,-0.2602680787031426,0.6043,-27.052572200951126,0.7653,Weak model,True,50,5,5
mlp_sig_50_5_10,-0.23824759267078055,0.6494,81.80950137591158,0.3232,Weak model,True,50,5,10
mlp_sig_50_5_20,-0.14031029943000806,0.7953,94.39517532966485,0.2353,Weak model,True,50,5,20
mlp_sig_50_5_50,-0.2095950004169188,0.6995,91.01506422006227,0.2221,Weak model,True,50,5,50
mlp_sig_50_8_5,0.01958392405514786,0.9688,-146.22642378319418,0.1396,Weak model,True,50,8,5
mlp_sig_50_8_10,-0.0256218934878909,0.9622,-25.89830859925035,0.7531,Weak model,True,50,8,10
mlp_sig_50_8_20,0.03162886371447393,0.9546,-1.285458842554334,0.9881,Weak model,True,50,8,20
mlp_sig_50_8_50,0.018123854103039294,0.9704,-0.08284842253801372,0.9994,Weak model,True,50,8,50
mlp_sig_50_50_5,-0.033363138496363076,0.9488,-125.87422678782201,0.1921,Weak model,True,50,50,5
mlp_sig_50_50_10,-0.11066683022570967,0.8386,-16.34722289129119,0.8275,Weak model,True,50,50,10
xgb_sig_nogarch_5_10,-0.3327653355057698,0.5537,-98.13887160171737,0.4296,Weak model,False,,5,10
xgb_sig_nogarch_3_50,-0.3644753069654546,0.5134,207.50116749056693,0.0984,Weak model,False,,3,50
xgb_sig_75_5_10,-0.6142515957208527,0.2632,156.801913756997,0.1184,Weak model,True,75,5,10
xgb_sig_90_5_10,-0.36463049446638207,0.511,40.188873983019874,0.728,Weak model,True,90,5,10
xgb_sig_75_8_5,-0.7790761973226105,0.1429,43.045968948933066,0.6492,Weak model,True,75,8,5
xgb_sig_75_8_10,-0.5246857568704121,0.3539,82.24569303243925,0.4038,Weak model,True,75,8,10
xgb_sig_75_8_20,-0.4458052366709262,0.4355,160.15653087447765,0.1106,Weak model,True,75,8,20
xgb_sig_75_8_50,-0.4820092393769049,0.402,169.03565313444332,0.0826,Weak model,True,75,8,50
xgb_sig_75_50_5,-0.6059907020774926,0.2715,-18.6141631570881,0.8555,Weak model,True,75,50,5
xgb_sig_75_50_10,-0.3517666166816624,0.5469,17.25152432783505,0.8675,Weak model,True,75,50,10
xgb_sig_75_50_20,-0.2730559703890122,0.6459,95.89647396427635,0.3643,Weak model,True,75,50,20
xgb_sig_75_50_50,-0.30903352550679586,0.6022,109.6176079825321,0.2859,Weak model,True,75,50,50
xgb_sig_90_3_5,-0.4364478826016648,0.4024,108.51163246003101,0.3723,Weak model,True,90,3,5
xgb_sig_90_3_10,-0.3284965842931138,0.5491,191.36421736586834,0.13,Weak model,True,90,3,10
xgb_sig_90_5_5,-0.45605508430748476,0.39,-30.436563768133652,0.7923,Weak model,True,90,5,5
xgb_sig_90_5_20,-0.3073294001948893,0.5837,129.53163756856338,0.2927,Weak model,True,90,5,20
xgb_sig_nogarch_3_20,-0.3284965688913344,0.5553,196.793326466469,0.1288,Weak model,False,,3,20
xgb_sig_90_5_50,-0.3432219870091977,0.5441,140.54427226187204,0.2342,Weak model,True,90,5,50
xgb_sig_90_8_5,-0.33426247421645183,0.5343,-105.15285573627044,0.3833,Weak model,True,90,8,5
xgb_sig_90_8_10,-0.17835268345101996,0.7526,-75.58592898346399,0.5461,Weak model,True,90,8,10
xgb_sig_90_8_20,-0.12067804384260938,0.833,7.903348882749331,0.9534,Weak model,True,90,8,20
xgb_sig_90_8_50,-0.15685630400467465,0.7826,25.53068878375168,0.843,Weak model,True,90,8,50
xgb_sig_90_50_5,-0.3358198463447595,0.5326,-118.43095333835741,0.3183,Weak model,True,90,50,5
xgb_sig_90_50_10,-0.17983417892298748,0.749,-89.73378514389066,0.4637,Weak model,True,90,50,10
xgb_sig_90_50_20,-0.12217082149141556,0.8294,-6.420316956341335,0.9627,Weak model,True,90,50,20
xgb_sig_90_50_50,-0.1582474398931315,0.7812,11.371596295008285,0.9281,Weak model,True,90,50,50
xgb_sig_nogarch_3_5,-0.5315832691600398,0.3157,72.21338035597428,0.5631,Weak model,False,,3,5
xgb_sig_nogarch_3_10,-0.3819854436875494,0.4885,148.98836132517656,0.2332,Weak model,False,,3,10
rf_sig_75_5_20,-0.1849839771070383,0.7157,64.65763047541725,0.3254,Weak model,True,75,5,20
rf_sig_75_5_10,-0.6804781119012666,0.1654,87.39230882819628,0.1325,Weak model,True,75,5,10
rf_sig_75_5_5,-0.8984249901198947,0.0557,51.19774251203661,0.3758,Weak model,True,75,5,5
xgb_90_5_20,-0.2130130671627236,0.6906,-136.36440711306602,0.2329,Weak model,True,90,5,20
xgb_75_8_20,-0.31031376247764,0.5488,-83.26030182290019,0.4337,Weak model,True,75,8,20
xgb_75_8_50,-0.3139584510727992,0.5477,-80.13451356947591,0.4433,Weak model,True,75,8,50
xgb_75_50_5,-0.5026697036868636,0.3313,-153.41878954913057,0.1249,Weak model,True,75,50,5
xgb_75_50_10,-0.27934796880632995,0.5741,-152.4035889838132,0.1747,Weak model,True,75,50,10
xgb_75_50_20,-0.226690833749994,0.6637,-117.96215254909114,0.2734,Weak model,True,75,50,20
xgb_75_50_50,-0.2299412932402063,0.6654,-114.69122526035841,0.2793,Weak model,True,75,50,50
bb_pure_3_10,-0.40238460924201336,0.3519,-69.91138455595578,0.0668,Weak model,False,,3,10
xgb_90_3_10,-0.1577497394497318,0.76,-16.712900196370427,0.8983,Weak model,True,90,3,10
xgb_90_3_20,-0.1608407531444872,0.7585,-17.111868547331284,0.8887,Weak model,True,90,3,20
xgb_90_3_50,-0.19157768607399606,0.7182,-12.46746365053211,0.9197,Weak model,True,90,3,50
xgb_90_5_10,-0.26850531550553036,0.6063,-141.8462090718945,0.2205,Weak model,True,90,5,10
xgb_90_5_50,-0.24397778264125003,0.6522,-130.1704945437489,0.247,Weak model,True,90,5,50
xgb_75_8_5,-0.6877242236267126,0.1728,-111.07078219197473,0.2468,Weak model,True,75,8,5
xgb_90_8_10,-0.21016778477355869,0.6877,-202.3138656601661,0.0922,Weak model,True,90,8,10
xgb_90_8_20,-0.20344649116259905,0.705,-169.97646351846433,0.1426,Weak model,True,90,8,20
xgb_90_8_50,-0.23444456468004826,0.6643,-164.36362164185059,0.1457,Weak model,True,90,8,50
xgb_90_50_10,-0.1821937394856118,0.738,-215.85079732183036,0.0701,Weak model,True,90,50,10
xgb_90_50_20,-0.17537719983783528,0.7542,-182.4564703090364,0.1114,Weak model,True,90,50,20
xgb_90_50_50,-0.20608906392822068,0.7107,-176.70170985326996,0.1177,Weak model,True,90,50,50
xgb_nogarch_3_5,-0.5207823622508303,0.3149,-63.6542048649172,0.5752,Weak model,False,,3,5
xgb_nogarch_3_10,-0.23417681762490172,0.65,-10.81892016952986,0.9399,Weak model,False,,3,10
xgb_nogarch_3_20,-0.15592059027437355,0.7685,18.208216797433543,0.8894,Weak model,False,,3,20
xgb_nogarch_3_50,-0.19325319699390775,0.7214,20.042832959137847,0.8756,Weak model,False,,3,50
xgb_nogarch_5_5,-0.45197671877064205,0.3895,-203.55930380944383,0.07,Weak model,False,,5,5
xgb_75_8_10,-0.36307250984338246,0.467,-115.40647808496873,0.2897,Weak model,True,75,8,10
xgb_75_5_50,-0.31036823939683145,0.5452,-67.4701331028128,0.5291,Weak model,True,75,5,50
rf_sig_75_3_50,0.06577040989873617,0.9004,110.79246205993469,0.1087,Weak model,True,75,3,50
xgb_50_8_10,-0.4278373952435187,0.3886,48.88017981914896,0.5705,Weak model,True,50,8,10
rf_nogarch_50_20,-0.17486787992912078,0.7247,42.89524792029923,0.512,Weak model,False,,50,20
rf_nogarch_50_50,-0.14865578546879188,0.7716,63.16225276728467,0.3106,Weak model,False,,50,50
xgb_50_3_5,-0.5642475379100185,0.205,150.43290164536367,0.1076,Weak model,True,50,3,5
xgb_50_3_10,-0.3821064614905859,0.4203,152.8959639375419,0.1116,Weak model,True,50,3,10
xgb_50_3_20,-0.21157154165028846,0.6608,171.20949213615842,0.0865,Weak model,True,50,3,20
xgb_50_3_50,-0.17627829628232283,0.7175,161.95003900615035,0.0903,Weak model,True,50,3,50
xgb_50_5_5,-0.7448112336362946,0.1087,80.37080472554638,0.3212,Weak model,True,50,5,5
xgb_50_5_10,-0.6658493079637837,0.1677,88.40302130800498,0.2785,Weak model,True,50,5,10
xgb_50_5_20,-0.435864556585708,0.3821,108.86712376401921,0.2015,Weak model,True,50,5,20
xgb_50_5_50,-0.49954601857910097,0.3223,118.21271682767815,0.1433,Weak model,True,50,5,50
xgb_50_8_5,-0.5511482876038819,0.2465,44.22511045262935,0.603,Weak model,True,50,8,5
xgb_50_8_20,-0.27368808149397406,0.591,60.79221523409422,0.5025,Weak model,True,50,8,20
xgb_75_5_20,-0.3066717710901383,0.5524,-70.65824224350158,0.5148,Weak model,True,75,5,20
xgb_50_8_50,-0.26435485860667063,0.6066,76.80039083309273,0.3656,Weak model,True,50,8,50
xgb_50_50_5,-0.4967769525517537,0.3178,49.80607362059702,0.5597,Weak model,True,50,50,5
xgb_50_50_10,-0.37364695387230673,0.4641,55.200867600736295,0.5201,Weak model,True,50,50,10
xgb_50_50_20,-0.21970355901367256,0.6735,67.65840979195796,0.4576,Weak model,True,50,50,20
xgb_50_50_50,-0.21040618191431715,0.6902,84.08986683354402,0.3246,Weak model,True,50,50,50
xgb_75_3_5,-0.6745321680749138,0.1583,48.34616916126497,0.6233,Weak model,True,75,3,5
xgb_75_3_10,-0.36481445453130934,0.4489,63.76994024625894,0.566,Weak model,True,75,3,10
xgb_75_3_20,-0.2568352032190929,0.6119,58.752716328675575,0.5999,Weak model,True,75,3,20
xgb_75_3_50,-0.2603503218447093,0.6103,61.42638002094449,0.5773,Weak model,True,75,3,50
xgb_75_5_5,-0.656919367631211,0.1879,-105.09541473779524,0.2829,Weak model,True,75,5,5
xgb_75_5_10,-0.3596112228654743,0.4645,-103.2070633254517,0.3532,Weak model,True,75,5,10
xgb_nogarch_5_10,-0.2557772357494028,0.6247,-170.6569745010699,0.1777,Weak model,False,,5,10
xgb_nogarch_5_20,-0.11877980091444151,0.8225,-134.4683440109083,0.2793,Weak model,False,,5,20
xgb_nogarch_5_50,-0.15644744488715356,0.7708,-130.37197741577842,0.2897,Weak model,False,,5,50
rf_sig_50_5_5,-0.8012551828671733,0.073,50.57461248282779,0.3339,Weak model,True,50,5,5
mlp_pca_nogarch_8_5,-0.8797362562289814,0.1013,-6.639246737378471,0.9396,Weak model,False,,8,5
mlp_pca_nogarch_8_10,-0.9645282651093119,0.0775,89.6437485304775,0.2824,Weak model,False,,8,10
mlp_pca_nogarch_8_20,-0.9549139905272639,0.081,88.74586950835163,0.288,Weak model,False,,8,20
mlp_pca_nogarch_8_50,-0.9549139905272639,0.081,88.74586950835163,0.288,Weak model,False,,8,50
mlp_pca_nogarch_50_5,-0.8657492521724801,0.1101,-23.73576883389366,0.7836,Weak model,False,,50,5
mlp_pca_nogarch_50_10,-0.9503123407183962,0.0833,74.6084180703685,0.3833,Weak model,False,,50,10
mlp_pca_nogarch_50_20,-0.9408267030448977,0.0864,73.75269554233492,0.3909,Weak model,False,,50,20
mlp_pca_nogarch_50_50,-0.9408267030448977,0.0864,73.75269554233492,0.3909,Weak model,False,,50,50
rf_sig_50_3_5,-0.5137104665223025,0.2344,42.03222394885663,0.5176,Weak model,True,50,3,5
rf_sig_50_3_10,-0.3914613991539603,0.3908,69.35194942149138,0.2599,Weak model,True,50,3,10
rf_sig_50_3_50,0.05294817441506905,0.9174,92.09609567280933,0.0769,Weak model,True,50,3,50
rf_sig_50_5_10,-0.6700917365364155,0.15,73.9628205191866,0.1534,Weak model,True,50,5,10
xgb_nogarch_8_10,-0.21834628753801755,0.6735,-247.62999738072347,0.0518,Weak model,False,,8,10
rf_sig_50_8_5,-0.6261162801809025,0.1874,17.241291286060907,0.7194,Weak model,True,50,8,5
rf_sig_50_8_10,-0.46679590747811617,0.3428,16.083620770815067,0.7232,Weak model,True,50,8,10
rf_sig_50_8_20,-0.11049855124103136,0.8299,-1.2114203292531585,0.9799,Weak model,True,50,8,20
rf_sig_50_8_50,-0.042776289403489653,0.9375,17.654777587692216,0.6992,Weak model,True,50,8,50
rf_sig_50_50_5,-0.43405338214235256,0.3935,-33.312988456192684,0.5204,Weak model,True,50,50,5
rf_sig_50_50_10,-0.2742739055057638,0.6062,-33.50197962435681,0.4871,Weak model,True,50,50,10
rf_sig_50_50_20,0.0816910716156869,0.8793,-51.565008675201724,0.3415,Weak model,True,50,50,20
rf_sig_50_50_50,0.14915744622217153,0.7932,-30.928801395744337,0.5252,Weak model,True,50,50,50
rf_sig_75_3_5,-0.6595910389368075,0.1518,25.903137434474367,0.709,Weak model,True,75,3,5
rf_sig_75_3_10,-0.3604825918059186,0.4516,41.68756877525087,0.5564,Weak model,True,75,3,10
rf_sig_75_3_20,0.03293010411870512,0.9458,73.47863812974869,0.3255,Weak model,True,75,3,20
mlp_pca_nogarch_5_5,-0.8272327876300332,0.1225,9.23784261816931,0.9224,Weak model,False,,5,5
mlp_pca_nogarch_3_5,-0.8713548069796514,0.0965,111.22688042362167,0.2232,Weak model,False,,3,5
mlp_pca_90_50_50,-1.0322528645266607,0.0627,52.543486557042165,0.5008,Weak model,True,90,50,50
mlp_pca_90_50_20,-1.0322528645266607,0.0627,52.543486557042165,0.5008,Weak model,True,90,50,20
xgb_nogarch_8_20,-0.1298217140539899,0.8071,-184.82219171101326,0.1349,Weak model,False,,8,20
xgb_nogarch_8_50,-0.1673485506551715,0.7532,-180.40350258525086,0.1365,Weak model,False,,8,50
xgb_nogarch_50_20,-0.11193745088178764,0.8345,-215.09923433808174,0.0813,Weak model,False,,50,20
xgb_nogarch_50_50,-0.14951384070650675,0.7806,-210.60459111468984,0.0811,Weak model,False,,50,50
mlp_pca_50_8_5,-0.7419060286996133,0.1401,33.79331998079084,0.6242,Weak model,True,50,8,5
mlp_pca_50_8_10,-0.6423738843057729,0.2175,117.14917413163295,0.0991,Weak model,True,50,8,10
mlp_pca_50_8_20,-0.6698674800567528,0.2027,129.73833943082363,0.0596,Weak model,True,50,8,20
mlp_pca_50_8_50,-0.6698674800567528,0.2027,129.73833943082363,0.0596,Weak model,True,50,8,50
mlp_pca_50_50_5,-0.8376137819589526,0.1317,34.22665822610424,0.6008,Weak model,True,50,50,5
mlp_pca_50_50_10,-0.7251196793061683,0.1992,86.92136539217545,0.201,Weak model,True,50,50,10
mlp_pca_50_50_20,-0.71869983200106,0.2024,87.86490668653143,0.1943,Weak model,True,50,50,20
mlp_pca_50_50_50,-0.71869983200106,0.2024,87.86490668653143,0.1943,Weak model,True,50,50,50
mlp_pca_75_5_5,-0.972464519206689,0.0556,112.72902311111201,0.1634,Weak model,True,75,5,5
mlp_pca_75_8_5,-0.808498560468598,0.1223,68.48331349238384,0.3837,Weak model,True,75,8,5
mlp_pca_75_50_5,-0.7856791748282829,0.1488,41.09153879242689,0.5942,Weak model,True,75,50,5
mlp_pca_75_50_10,-0.8235865573267053,0.1438,142.1248820149362,0.07,Weak model,True,75,50,10
mlp_pca_75_50_20,-0.8138763061143602,0.1483,141.08815804073373,0.0713,Weak model,True,75,50,20
mlp_pca_75_50_50,-0.8138763061143602,0.1483,141.08815804073373,0.0713,Weak model,True,75,50,50
mlp_pca_90_3_5,-0.8740338732370582,0.089,133.80921062115414,0.1408,Weak model,True,90,3,5
mlp_pca_90_5_5,-0.8246060130931578,0.1138,4.956511024386586,0.959,Weak model,True,90,5,5
mlp_pca_90_8_5,-0.9657499936084585,0.0675,-0.2920021126585226,0.9975,Weak model,True,90,8,5
mlp_pca_90_50_5,-0.9318242144410156,0.0887,-25.52815623600315,0.7574,Weak model,True,90,50,5
mlp_pca_90_50_10,-1.0416736505928936,0.0604,53.28424997164973,0.4959,Weak model,True,90,50,10
mlp_sig_50_50_20,-0.020076811786207127,0.9714,-16.09873828377863,0.826,Weak model,True,50,50,20
mlp_sig_50_50_50,-0.013799247527981784,0.9802,-10.885469099087153,0.8793,Weak model,True,50,50,50
mlp_sig_75_3_5,-0.3856257636911664,0.4594,125.58769318029161,0.2174,Weak model,True,75,3,5
xgb_sig_fs_nogarch_5_20,-0.11877980091444151,0.8225,-134.4683440109083,0.2793,Weak model,False,,5,20
xgb_sig_fs_90_8_20,-0.20344649116259905,0.705,-169.97646351846433,0.1426,Weak model,True,90,8,20
xgb_sig_fs_90_8_50,-0.23444456468004826,0.6643,-164.36362164185059,0.1457,Weak model,True,90,8,50
xgb_sig_fs_90_50_10,-0.1821937394856118,0.738,-215.85079732183036,0.0701,Weak model,True,90,50,10
xgb_sig_fs_90_50_20,-0.17537719983783528,0.7542,-182.4564703090364,0.1114,Weak model,True,90,50,20
xgb_sig_fs_90_50_50,-0.20608906392822068,0.7107,-176.70170985326996,0.1177,Weak model,True,90,50,50
xgb_sig_fs_nogarch_3_5,-0.5207823622508303,0.3149,-63.6542048649172,0.5752,Weak model,False,,3,5
xgb_sig_fs_nogarch_3_10,-0.23417681762490172,0.65,-10.81892016952986,0.9399,Weak model,False,,3,10
xgb_sig_fs_nogarch_3_20,-0.15592059027437355,0.7685,18.208216797433543,0.8894,Weak model,False,,3,20
xgb_sig_fs_nogarch_3_50,-0.19325319699390775,0.7214,20.042832959137847,0.8756,Weak model,False,,3,50
xgb_sig_fs_nogarch_5_5,-0.45197671877064205,0.3895,-203.55930380944383,0.07,Weak model,False,,5,5
xgb_sig_fs_nogarch_5_10,-0.2557772357494028,0.6247,-170.6569745010699,0.1777,Weak model,False,,5,10
xgb_sig_fs_nogarch_5_50,-0.15644744488715356,0.7708,-130.37197741577842,0.2897,Weak model,False,,5,50
xgb_sig_fs_90_5_50,-0.24397778264125003,0.6522,-130.1704945437489,0.247,Weak model,True,90,5,50
xgb_sig_fs_nogarch_8_10,-0.21834628753801755,0.6735,-247.62999738072347,0.0518,Weak model,False,,8,10
xgb_sig_fs_nogarch_8_20,-0.1298217140539899,0.8071,-184.82219171101326,0.1349,Weak model,False,,8,20
xgb_sig_fs_nogarch_8_50,-0.1673485506551715,0.7532,-180.40350258525086,0.1365,Weak model,False,,8,50
xgb_sig_fs_nogarch_50_20,-0.11193745088178764,0.8345,-215.09923433808174,0.0813,Weak model,False,,50,20
xgb_sig_fs_nogarch_50_50,-0.14951384070650675,0.7806,-210.60459111468984,0.0811,Weak model,False,,50,50
mlp_pca_sig_50_3_5,-0.5336399346297427,0.2588,0.09615992412691554,0.9993,Weak model,True,50,3,5
mlp_pca_sig_50_3_10,-0.6494367639577764,0.1937,54.899461269087034,0.4725,Weak model,True,50,3,10
mlp_pca_sig_50_3_20,-0.5053816044852177,0.3156,51.34410980688757,0.4888,Weak model,True,50,3,20
mlp_pca_sig_50_3_50,-0.47632789636214035,0.3427,49.42270618000947,0.5065,Weak model,True,50,3,50
mlp_pca_sig_50_5_5,-0.44633516327663314,0.3573,-55.33938212904934,0.5498,Weak model,True,50,5,5
mlp_pca_sig_50_5_10,-0.5722161604441997,0.2705,-18.24259918046216,0.8069,Weak model,True,50,5,10
xgb_sig_fs_90_8_10,-0.21016778477355869,0.6877,-202.3138656601661,0.0922,Weak model,True,90,8,10
xgb_sig_fs_90_5_20,-0.2130130671627236,0.6906,-136.36440711306602,0.2329,Weak model,True,90,5,20
xgb_sig_fs_50_8_20,-0.27368808149397406,0.591,60.79221523409422,0.5025,Weak model,True,50,8,20
xgb_sig_fs_75_5_50,-0.31036823939683145,0.5452,-67.4701331028128,0.5291,Weak model,True,75,5,50
xgb_sig_fs_50_50_5,-0.4967769525517537,0.3178,49.80607362059702,0.5597,Weak model,True,50,50,5
xgb_sig_fs_50_50_10,-0.37364695387230673,0.4641,55.200867600736295,0.5201,Weak model,True,50,50,10
xgb_sig_fs_50_50_20,-0.21970355901367256,0.6735,67.65840979195796,0.4576,Weak model,True,50,50,20
xgb_sig_fs_50_50_50,-0.21040618191431715,0.6902,84.08986683354402,0.3246,Weak model,True,50,50,50
xgb_sig_fs_75_3_5,-0.6745321680749138,0.1583,48.34616916126497,0.6233,Weak model,True,75,3,5
xgb_sig_fs_75_3_10,-0.36481445453130934,0.4489,63.76994024625894,0.566,Weak model,True,75,3,10
xgb_sig_fs_75_3_20,-0.2568352032190929,0.6119,58.752716328675575,0.5999,Weak model,True,75,3,20
xgb_sig_fs_75_3_50,-0.2603503218447093,0.6103,61.42638002094449,0.5773,Weak model,True,75,3,50
xgb_sig_fs_75_5_5,-0.656919367631211,0.1879,-105.09541473779524,0.2829,Weak model,True,75,5,5
xgb_sig_fs_75_5_10,-0.3596112228654743,0.4645,-103.2070633254517,0.3532,Weak model,True,75,5,10
xgb_sig_fs_75_5_20,-0.3066717710901383,0.5524,-70.65824224350158,0.5148,Weak model,True,75,5,20
xgb_sig_fs_75_8_5,-0.6877242236267126,0.1728,-111.07078219197473,0.2468,Weak model,True,75,8,5
xgb_sig_fs_90_5_10,-0.26850531550553036,0.6063,-141.8462090718945,0.2205,Weak model,True,90,5,10
xgb_sig_fs_75_8_10,-0.36307250984338246,0.467,-115.40647808496873,0.2897,Weak model,True,75,8,10
xgb_sig_fs_75_8_20,-0.31031376247764,0.5488,-83.26030182290019,0.4337,Weak model,True,75,8,20
xgb_sig_fs_75_8_50,-0.3139584510727992,0.5477,-80.13451356947591,0.4433,Weak model,True,75,8,50
xgb_sig_fs_75_50_5,-0.5026697036868636,0.3313,-153.41878954913057,0.1249,Weak model,True,75,50,5
xgb_sig_fs_75_50_10,-0.27934796880632995,0.5741,-152.4035889838132,0.1747,Weak model,True,75,50,10
xgb_sig_fs_75_50_20,-0.226690833749994,0.6637,-117.96215254909114,0.2734,Weak model,True,75,50,20
xgb_sig_fs_75_50_50,-0.2299412932402063,0.6654,-114.69122526035841,0.2793,Weak model,True,75,50,50
xgb_sig_fs_90_3_5,-0.36109789531139447,0.4719,-97.74134031051258,0.4065,Weak model,True,90,3,5
xgb_sig_fs_90_3_10,-0.1577497394497318,0.76,-16.712900196370427,0.8983,Weak model,True,90,3,10
xgb_sig_fs_90_3_20,-0.1608407531444872,0.7585,-17.111868547331284,0.8887,Weak model,True,90,3,20
xgb_sig_fs_90_3_50,-0.19157768607399606,0.7182,-12.46746365053211,0.9197,Weak model,True,90,3,50
mlp_pca_sig_50_5_20,-0.47379560967852496,0.369,-15.077366687213914,0.8304,Weak model,True,50,5,20
mlp_pca_sig_50_5_50,-0.44468492534480764,0.3965,-17.590535353001147,0.8041,Weak model,True,50,5,50
mlp_pca_sig_50_8_5,-0.36201474312680926,0.4537,-72.76502964337324,0.4007,Weak model,True,50,8,5
mlp_pca_sig_nogarch_3_5,-0.6101229005051495,0.2594,70.1798070208522,0.4591,Weak model,False,,3,5
mlp_pca_sig_90_5_10,-0.19384360975839765,0.7105,-21.258292614373502,0.8298,Weak model,True,90,5,10
mlp_pca_sig_90_5_20,-0.1740001974794967,0.7407,-22.91305388567531,0.8182,Weak model,True,90,5,20
mlp_pca_sig_90_5_50,-0.1740001974794967,0.7407,-22.91305388567531,0.8182,Weak model,True,90,5,50
mlp_pca_sig_90_8_5,-0.5704575708447199,0.2928,-105.00505685307493,0.2088,Weak model,True,90,8,5
mlp_pca_sig_90_8_10,-0.4160202750516463,0.4428,-16.93944594351271,0.8354,Weak model,True,90,8,10
mlp_pca_sig_90_8_20,-0.3965609725153454,0.4641,-18.18802921700936,0.8243,Weak model,True,90,8,20
mlp_pca_sig_90_8_50,-0.3965609725153454,0.4641,-18.18802921700936,0.8243,Weak model,True,90,8,50
mlp_pca_sig_90_50_5,-0.41871670017696805,0.4461,-145.08910891527114,0.1019,Weak model,True,90,50,5
mlp_pca_sig_90_50_10,-0.2578430037507765,0.6358,-70.03313084897279,0.4414,Weak model,True,90,50,10
mlp_pca_sig_90_50_20,-0.2382282211718243,0.6628,-70.54765265534172,0.427,Weak model,True,90,50,20
mlp_pca_sig_90_50_50,-0.2382282211718243,0.6628,-70.54765265534172,0.427,Weak model,True,90,50,50
mlp_pca_sig_nogarch_3_10,-0.4527677778630548,0.4074,184.01726655513266,0.065,Weak model,False,,3,10
mlp_pca_sig_50_8_10,-0.37521510212164577,0.4627,-56.46086453624438,0.4575,Weak model,True,50,8,10
mlp_pca_sig_nogarch_5_5,-0.41517141094218923,0.4389,-99.56512321529365,0.3235,Weak model,False,,5,5
mlp_pca_sig_nogarch_5_10,-0.303417537591546,0.5789,26.721195765201223,0.7984,Weak model,False,,5,10
mlp_pca_sig_nogarch_5_20,-0.27317334155812967,0.6186,45.897661879390775,0.6494,Weak model,False,,5,20
mlp_pca_sig_nogarch_5_50,-0.27317334155812967,0.6186,45.897661879390775,0.6494,Weak model,False,,5,50
mlp_pca_sig_nogarch_8_5,-0.48959621643505036,0.3782,-91.48540241847554,0.3277,Weak model,False,,8,5
mlp_pca_sig_nogarch_8_10,-0.3717111718213386,0.5031,7.923715180634602,0.9326,Weak model,False,,8,10
mlp_pca_sig_nogarch_8_20,-0.3413975731250831,0.5406,26.959767067815406,0.7731,Weak model,False,,8,20
mlp_pca_sig_nogarch_8_50,-0.3413975731250831,0.5406,26.959767067815406,0.7731,Weak model,False,,8,50
mlp_pca_sig_nogarch_50_5,-0.44230529855684453,0.4247,-154.11597407685056,0.1092,Weak model,False,,50,5
mlp_pca_sig_nogarch_50_10,-0.3241238290776006,0.5642,-53.90161759214961,0.5832,Weak model,False,,50,10
mlp_pca_sig_nogarch_50_20,-0.2938160695075167,0.5982,-33.18972686679756,0.7318,Weak model,False,,50,20
mlp_pca_sig_90_5_5,-0.3653429755190768,0.4869,-129.5154268507598,0.1791,Weak model,True,90,5,5
mlp_pca_sig_90_3_50,-0.46567218821691325,0.3763,137.94258202577134,0.137,Weak model,True,90,3,50
mlp_pca_sig_90_3_20,-0.46567218821691325,0.3763,137.94258202577134,0.137,Weak model,True,90,3,20
mlp_pca_sig_90_3_10,-0.48514581829166126,0.3531,140.96734013236272,0.1362,Weak model,True,90,3,10
mlp_pca_sig_50_8_20,-0.15644260698379964,0.7591,-56.8703586017115,0.4723,Weak model,True,50,8,20
mlp_pca_sig_50_8_50,-0.12743288316611656,0.8031,-59.977800010769734,0.4488,Weak model,True,50,8,50
mlp_pca_sig_50_50_5,-0.3282364361978066,0.5439,-121.45444066282428,0.163,Weak model,True,50,50,5
mlp_pca_sig_50_50_10,-0.34131875844086046,0.5396,-102.21976273227435,0.1897,Weak model,True,50,50,10
mlp_pca_sig_50_50_20,-0.25137132219591973,0.6564,-81.50060982017212,0.2762,Weak model,True,50,50,20
mlp_pca_sig_50_50_50,-0.22230874657991817,0.6976,-84.22998832759407,0.2591,Weak model,True,50,50,50
mlp_pca_sig_75_3_5,-0.6586295905160394,0.1964,64.04660233263375,0.4437,Weak model,True,75,3,5
mlp_pca_sig_75_3_10,-0.6535983693595508,0.2055,138.32173254968492,0.0976,Weak model,True,75,3,10
mlp_pca_sig_75_3_20,-0.5686138882447982,0.27,116.39855791730096,0.1549,Weak model,True,75,3,20
mlp_pca_sig_75_3_50,-0.5686138882447982,0.27,116.39855791730096,0.1549,Weak model,True,75,3,50
mlp_pca_sig_75_5_5,-0.4083810046831853,0.4263,-89.38312897135066,0.306,Weak model,True,75,5,5
mlp_pca_sig_75_5_10,-0.44934316889313175,0.3955,5.64518003219635,0.9495,Weak model,True,75,5,10
mlp_pca_sig_75_5_20,-0.3929397606037055,0.4617,1.8177357285383025,0.9822,Weak model,True,75,5,20
mlp_pca_sig_75_5_50,-0.3929397606037055,0.4617,1.8177357285383025,0.9822,Weak model,True,75,5,50
mlp_pca_sig_75_8_5,-0.4994491101253067,0.3328,-71.88758911137009,0.3598,Weak model,True,75,8,5
mlp_pca_sig_75_8_10,-0.42044447890255354,0.4131,-17.075890888491358,0.8268,Weak model,True,75,8,10
mlp_pca_sig_75_8_20,-0.3637756387708979,0.485,-20.680711831975188,0.7872,Weak model,True,75,8,20
mlp_pca_sig_75_8_50,-0.3637756387708979,0.485,-20.680711831975188,0.7872,Weak model,True,75,8,50
mlp_pca_sig_75_50_5,-0.3811505649702731,0.4896,-77.9028341703254,0.3485,Weak model,True,75,50,5
mlp_pca_sig_75_50_10,-0.3019480694947475,0.5806,-20.58935827057671,0.8094,Weak model,True,75,50,10
mlp_pca_sig_75_50_20,-0.2452864264523955,0.6507,-24.13852197930887,0.7723,Weak model,True,75,50,20
mlp_pca_sig_75_50_50,-0.2452864264523955,0.6507,-24.13852197930887,0.7723,Weak model,True,75,50,50
mlp_pca_sig_90_3_5,-0.6714646602217271,0.2,66.59831889342269,0.4616,Weak model,True,90,3,5
xgb_sig_fs_50_8_50,-0.26435485860667063,0.6066,76.80039083309273,0.3656,Weak model,True,50,8,50
xgb_sig_fs_50_8_10,-0.4278373952435187,0.3886,48.88017981914896,0.5705,Weak model,True,50,8,10
mlp_sig_75_5_5,-0.3825492256475129,0.4745,-60.85776373420177,0.526,Weak model,True,75,5,5
rf_sig_fs_50_3_20,0.0559053256635027,0.9024,19.713420028849804,0.741,Weak model,True,50,3,20
mlp_sig_nogarch_5_50,-0.25219821818446164,0.6699,166.8596915290183,0.0791,Weak model,False,,5,50
mlp_sig_nogarch_8_5,-0.18580732702238756,0.7459,-125.7729046255555,0.2393,Weak model,False,,8,5
mlp_sig_nogarch_8_10,-0.04691661176327444,0.9356,56.612090101788134,0.5995,Weak model,False,,8,10
mlp_sig_nogarch_8_20,-0.019022217532831398,0.975,98.66667041551621,0.337,Weak model,False,,8,20
mlp_sig_nogarch_8_50,-0.040003187506981175,0.9445,112.29615333125301,0.2653,Weak model,False,,8,50
mlp_sig_nogarch_50_5,-0.1638305341474362,0.7741,-113.06877196252643,0.2774,Weak model,False,,50,5
mlp_sig_nogarch_50_10,-0.08747948899537061,0.8816,14.135651359449794,0.8882,Weak model,False,,50,10
mlp_sig_nogarch_50_20,-0.04539460242806881,0.9381,51.76392030860291,0.6043,Weak model,False,,50,20
mlp_sig_nogarch_50_50,-0.06610694816759333,0.9071,66.37422515817343,0.5019,Weak model,False,,50,50
rf_sig_fs_50_3_5,-0.4519759111802578,0.2474,31.866853420081476,0.5798,Weak model,True,50,3,5
rf_sig_fs_50_3_10,-0.20863488730777757,0.6264,28.60937320535698,0.6361,Weak model,True,50,3,10
rf_sig_fs_50_3_50,0.08102054694414673,0.8669,24.420456158016847,0.6617,Weak model,True,50,3,50
mlp_sig_nogarch_5_10,-0.2565123215677364,0.6647,125.7968154640092,0.2057,Weak model,False,,5,10
rf_sig_fs_50_5_5,-0.6356954412754326,0.1207,24.351544027594535,0.6317,Weak model,True,50,5,5
rf_sig_fs_50_5_10,-0.43939321778513174,0.3158,20.28124892174082,0.706,Weak model,True,50,5,10
rf_sig_fs_50_5_20,-0.2736968493629942,0.5564,41.30912506717766,0.4406,Weak model,True,50,5,20
rf_sig_fs_50_5_50,-0.3081072542103439,0.5141,51.70906505408553,0.2984,Weak model,True,50,5,50
rf_sig_fs_50_8_5,-0.48367139452762653,0.2581,0.35002415512274077,0.9934,Weak model,True,50,8,5
rf_sig_fs_50_8_10,-0.23357753386195912,0.6082,-6.925756420459528,0.9058,Weak model,True,50,8,10
rf_sig_fs_50_8_20,0.01063916834070222,0.9792,3.900112069698869,0.9449,Weak model,True,50,8,20
rf_sig_fs_50_8_50,0.02857882922440791,0.9518,22.162072195579988,0.676,Weak model,True,50,8,50
rf_sig_fs_50_50_5,-0.4437663005684136,0.3221,10.193155486170884,0.8511,Weak model,True,50,50,5
rf_sig_fs_50_50_10,-0.19379908621551378,0.6826,2.875689030348191,0.9588,Weak model,True,50,50,10
rf_sig_fs_50_50_20,0.07359471446837274,0.8793,10.247572049469694,0.8593,Weak model,True,50,50,20
mlp_sig_nogarch_5_20,-0.2316907586979703,0.6955,154.86354249346766,0.1094,Weak model,False,,5,20
mlp_sig_nogarch_5_5,-0.40683241812281556,0.4749,-19.045872616644203,0.8482,Weak model,False,,5,5
xgb_sig_fs_50_8_5,-0.5511482876038819,0.2465,44.22511045262935,0.603,Weak model,True,50,8,5
mlp_sig_90_3_5,-0.23441142059000297,0.6627,158.03557685807436,0.1536,Weak model,True,90,3,5
mlp_sig_75_5_10,-0.36457179948069385,0.5099,39.45420945988536,0.6425,Weak model,True,75,5,10
mlp_sig_75_5_20,-0.21523796790694527,0.7,90.92772034270104,0.2914,Weak model,True,75,5,20
mlp_sig_75_5_50,-0.2158704742215033,0.7019,99.9428753494127,0.2439,Weak model,True,75,5,50
mlp_sig_75_8_5,-0.3311603246518108,0.5387,-69.48306156405702,0.4584,Weak model,True,75,8,5
mlp_sig_75_8_10,-0.26826397635863275,0.6227,20.368870876678503,0.8152,Weak model,True,75,8,10
mlp_sig_75_8_20,-0.0634504904530151,0.9107,73.82439398336308,0.3975,Weak model,True,75,8,20
mlp_sig_75_8_50,-0.06379909128251848,0.9092,83.49428299243519,0.3343,Weak model,True,75,8,50
mlp_sig_75_50_5,-0.19858921521571804,0.7175,-86.83571156187962,0.343,Weak model,True,75,50,5
mlp_sig_75_50_10,-0.1524261624166091,0.7854,-4.396935371147837,0.9581,Weak model,True,75,50,10
mlp_sig_75_50_20,-0.06427861744220409,0.9111,50.31268388012253,0.5516,Weak model,True,75,50,20
mlp_sig_75_50_50,-0.06498128831273231,0.911,59.98226112798926,0.4732,Weak model,True,75,50,50
mlp_sig_90_5_5,-0.14839902645683056,0.7911,-76.34395336780891,0.4955,Weak model,True,90,5,5
mlp_sig_nogarch_3_5,-0.37259087463965357,0.5042,158.17600527701475,0.1576,Weak model,False,,3,5
mlp_sig_90_5_10,-0.24267989894600284,0.6622,57.68764108649533,0.5543,Weak model,True,90,5,10
mlp_sig_90_5_20,-0.11972481685580594,0.8349,99.29297917446134,0.3053,Weak model,True,90,5,20
mlp_sig_90_5_50,-0.1181581782131993,0.8415,106.91647946896151,0.2676,Weak model,True,90,5,50
mlp_sig_90_8_5,0.05138295464240139,0.9266,-172.35183928462575,0.132,Weak model,True,90,8,5
mlp_sig_90_8_10,0.002268918977474166,0.9966,1.3076602960402273,0.9905,Weak model,True,90,8,10
mlp_sig_90_8_20,0.12008067798775801,0.8286,44.389807032736876,0.6673,Weak model,True,90,8,20
mlp_sig_90_8_50,0.12162591741604067,0.8311,52.8474651651302,0.6065,Weak model,True,90,8,50
mlp_sig_90_50_5,0.0647833890024,0.9082,-127.27768381136748,0.2544,Weak model,True,90,50,5
mlp_sig_90_50_10,-0.05933898633254142,0.9158,-11.559418192566476,0.9046,Weak model,True,90,50,10
mlp_sig_90_50_20,0.06876432203601479,0.9037,22.418917637156895,0.8177,Weak model,True,90,50,20
mlp_sig_90_50_50,0.070058889931087,0.9012,30.985669787922777,0.7508,Weak model,True,90,50,50
rf_sig_fs_50_50_50,0.091591623429081,0.856,28.139964205632584,0.5989,Weak model,True,50,50,50
rf_sig_fs_75_3_5,-0.5275058562433806,0.2082,35.95954544792459,0.5869,Weak model,True,75,3,5
rf_sig_fs_75_3_10,-0.30184716168441306,0.4941,56.65378200912787,0.4044,Weak model,True,75,3,10
rf_sig_fs_nogarch_8_50,-0.14865578546879188,0.7716,63.16225276728467,0.3106,Weak model,False,,8,50
rf_sig_fs_nogarch_3_5,-0.6609589700843584,0.1234,77.66649217139289,0.264,Weak model,False,,3,5
rf_sig_fs_nogarch_3_10,-0.516070773882913,0.2488,91.71441778229809,0.188,Weak model,False,,3,10
rf_sig_fs_nogarch_3_20,-0.2446954889008175,0.6115,106.05855320560406,0.1494,Weak model,False,,3,20
rf_sig_fs_nogarch_3_50,-0.24068018370726485,0.6192,127.07877476661861,0.0645,Weak model,False,,3,50
rf_sig_fs_nogarch_5_5,-0.5972515080142952,0.1857,42.428976541600505,0.5099,Weak model,False,,5,5
rf_sig_fs_nogarch_5_10,-0.49638937094674074,0.2945,58.25867145597162,0.3593,Weak model,False,,5,10
rf_sig_fs_nogarch_5_20,-0.18456163611578402,0.7088,83.5922999547495,0.2073,Weak model,False,,5,20
rf_sig_fs_nogarch_5_50,-0.15883982720013368,0.7556,103.05853225123997,0.1036,Weak model,False,,5,50
rf_sig_fs_nogarch_8_5,-0.5613165563393846,0.2171,-3.3087478543199147,0.9601,Weak model,False,,8,5
rf_sig_fs_nogarch_8_10,-0.46035954350717667,0.3361,12.576631009221938,0.8425,Weak model,False,,8,10
rf_sig_fs_nogarch_8_20,-0.17486787992912078,0.7247,42.89524792029923,0.512,Weak model,False,,8,20
rf_sig_fs_nogarch_50_5,-0.5613165563393846,0.2171,-3.3087478543199147,0.9601,Weak model,False,,50,5
rf_sig_fs_75_3_20,-0.035245488870651154,0.9427,73.34954442150237,0.2959,Weak model,True,75,3,20
rf_sig_fs_nogarch_50_10,-0.46035954350717667,0.3361,12.576631009221938,0.8425,Weak model,False,,50,10
rf_sig_fs_nogarch_50_20,-0.17486787992912078,0.7247,42.89524792029923,0.512,Weak model,False,,50,20
rf_sig_fs_nogarch_50_50,-0.14865578546879188,0.7716,63.16225276728467,0.3106,Weak model,False,,50,50
xgb_sig_fs_50_3_5,-0.5642475379100185,0.205,150.43290164536367,0.1076,Weak model,True,50,3,5
xgb_sig_fs_50_3_10,-0.3821064614905859,0.4203,152.8959639375419,0.1116,Weak model,True,50,3,10
xgb_sig_fs_50_3_20,-0.21157154165028846,0.6608,171.20949213615842,0.0865,Weak model,True,50,3,20
xgb_sig_fs_50_3_50,-0.17627829628232283,0.7175,161.95003900615035,0.0903,Weak model,True,50,3,50
xgb_sig_fs_50_5_5,-0.7448112336362946,0.1087,80.37080472554638,0.3212,Weak model,True,50,5,5
xgb_sig_fs_50_5_10,-0.6658493079637837,0.1677,88.40302130800498,0.2785,Weak model,True,50,5,10
xgb_sig_fs_50_5_20,-0.435864556585708,0.3821,108.86712376401921,0.2015,Weak model,True,50,5,20
xgb_sig_fs_50_5_50,-0.49954601857910097,0.3223,118.21271682767815,0.1433,Weak model,True,50,5,50
rf_sig_fs_90_50_50,-0.07664582304574297,0.8833,66.59969148797603,0.2859,Weak model,True,90,50,50
rf_sig_fs_90_50_20,-0.127381710051513,0.7978,56.60196499281558,0.3761,Weak model,True,90,50,20
rf_sig_fs_90_50_10,-0.41290137598400256,0.3795,24.332316319439773,0.6988,Weak model,True,90,50,10
rf_sig_fs_90_50_5,-0.543453334420042,0.2263,10.983542077044248,0.8605,Weak model,True,90,50,5
rf_sig_fs_75_3_50,-0.008544901578681485,0.9873,98.25527392429225,0.1436,Weak model,True,75,3,50
rf_sig_fs_75_5_5,-0.5714152566609106,0.1914,-14.09452828322794,0.82,Weak model,True,75,5,5
rf_sig_fs_75_5_10,-0.3419450810795842,0.4544,8.976900940059028,0.8884,Weak model,True,75,5,10
rf_sig_fs_75_5_20,-0.04924514638161748,0.9221,38.968834462769536,0.5529,Weak model,True,75,5,20
rf_sig_fs_75_5_50,-0.008231221330340155,0.9858,58.371736790038746,0.3586,Weak model,True,75,5,50
rf_sig_fs_75_8_5,-0.512537544290062,0.2532,-37.66399879250055,0.5527,Weak model,True,75,8,5
rf_sig_fs_75_8_10,-0.2828447586407331,0.5431,-12.924586849614514,0.8397,Weak model,True,75,8,10
rf_sig_fs_75_8_20,-0.021427026690034046,0.965,27.404309712990525,0.6788,Weak model,True,75,8,20
rf_sig_fs_75_8_50,0.019532235752706018,0.9683,47.636707252301775,0.4577,Weak model,True,75,8,50
rf_sig_fs_75_50_5,-0.39423339503234045,0.3903,-53.798916818433796,0.4126,Weak model,True,75,50,5
rf_sig_fs_75_50_10,-0.16453139607323297,0.7325,-30.309155866372027,0.6472,Weak model,True,75,50,10
rf_sig_fs_75_50_20,0.07982417811211162,0.8725,14.787862103140679,0.8302,Weak model,True,75,50,20
rf_sig_fs_75_50_50,0.12069052315114148,0.8093,35.10854812381217,0.5947,Weak model,True,75,50,50
rf_sig_fs_90_3_5,-0.6226234008305829,0.1409,112.09904550657909,0.0805,Weak model,True,90,3,5
rf_sig_fs_90_3_10,-0.44430849008241735,0.3165,119.02934902582533,0.0693,Weak model,True,90,3,10
rf_sig_fs_90_5_5,-0.6166305728706604,0.1623,44.179985044387514,0.4562,Weak model,True,90,5,5
rf_sig_fs_90_5_10,-0.48591633738513085,0.298,56.42121255108288,0.3577,Weak model,True,90,5,10
rf_sig_fs_90_5_20,-0.16574629918605788,0.7332,84.94508407095026,0.1793,Weak model,True,90,5,20
rf_sig_fs_90_5_50,-0.11506276124272474,0.8216,94.64582300442724,0.1238,Weak model,True,90,5,50
rf_sig_fs_90_8_5,-0.543453334420042,0.2263,10.983542077044248,0.8605,Weak model,True,90,8,5
rf_sig_fs_90_8_10,-0.41290137598400256,0.3795,24.332316319439773,0.6988,Weak model,True,90,8,10
rf_sig_fs_90_8_20,-0.127381710051513,0.7978,56.60196499281558,0.3761,Weak model,True,90,8,20
rf_sig_fs_90_8_50,-0.07664582304574297,0.8833,66.59969148797603,0.2859,Weak model,True,90,8,50
rf_nogarch_50_10,-0.46035954350717667,0.3361,12.576631009221938,0.8425,Weak model,False,,50,10
mlp_pca_sig_nogarch_50_50,-0.2938160695075167,0.5982,-33.18972686679756,0.7318,Weak model,False,,50,50
rf_nogarch_8_50,-0.14865578546879188,0.7716,63.16225276728467,0.3106,Weak model,False,,8,50
xgb_nofs_50_50_20,-0.4053792867768553,0.451,56.79499639351298,0.4689,Weak model,True,50,50,20
xgb_nofs_50_5_50,-0.42702376104182616,0.4096,148.81707293522305,0.0628,Weak model,True,50,5,50
xgb_nofs_50_8_5,-0.4917367937904934,0.3105,24.309074645525293,0.7768,Weak model,True,50,8,5
xgb_nofs_50_8_10,-0.5364299515096164,0.2895,96.52921208972556,0.2039,Weak model,True,50,8,10
xgb_nofs_50_8_20,-0.35746098308070773,0.4924,85.52396438492677,0.2906,Weak model,True,50,8,20
xgb_nofs_50_8_50,-0.38332727828079294,0.4598,91.55812070666815,0.2511,Weak model,True,50,8,50
xgb_nofs_50_50_5,-0.5306677300931993,0.2949,10.874552615043143,0.8942,Weak model,True,50,50,5
xgb_nofs_50_50_10,-0.5840627295256853,0.2653,70.80624697247832,0.337,Weak model,True,50,50,10
xgb_nofs_50_50_50,-0.43132280945645585,0.4238,63.64372712932378,0.4097,Weak model,True,50,50,50
xgb_nofs_50_5_10,-0.5610118319122013,0.2613,148.98601747690577,0.0567,Weak model,True,50,5,10
xgb_nofs_75_3_5,-0.7419623470317847,0.1231,103.89947851016382,0.2573,Weak model,True,75,3,5
xgb_nofs_75_3_10,-0.583906032213456,0.2374,173.430592431075,0.0642,Weak model,True,75,3,10
xgb_nofs_75_3_20,-0.39957514210028255,0.4539,170.70529761438934,0.0866,Weak model,True,75,3,20
xgb_nofs_75_3_50,-0.40773575952398666,0.4456,182.38776559980465,0.0623,Weak model,True,75,3,50
xgb_nofs_75_5_5,-0.6812048160708225,0.1823,-45.95169190260903,0.6347,Weak model,True,75,5,5
xgb_nofs_75_5_10,-0.49618146234333016,0.3321,57.292773080320146,0.5553,Weak model,True,75,5,10
xgb_nofs_75_5_20,-0.36643876908111095,0.5038,61.07574002430349,0.5494,Weak model,True,75,5,20
xgb_nofs_50_5_20,-0.4008141596371675,0.4372,143.93098545755,0.0795,Weak model,True,50,5,20
xgb_nofs_50_5_5,-0.5896637745619733,0.2086,88.53380322617224,0.3279,Weak model,True,50,5,5
xgb_nofs_75_8_5,-0.7219936298968123,0.1617,-83.98373347163614,0.3661,Weak model,True,75,8,5
rf_nofs_nogarch_5_50,0.13289012757122332,0.8144,91.35955490335382,0.2306,Weak model,False,,5,50
rf_nofs_nogarch_3_5,-0.3305850677539216,0.5215,64.90742576741975,0.4229,Weak model,False,,3,5
rf_nofs_nogarch_3_10,-0.04113724648529271,0.9438,107.33262208318277,0.2325,Weak model,False,,3,10
rf_nofs_nogarch_3_20,0.33766781043950034,0.5448,54.92319512471762,0.581,Weak model,False,,3,20
rf_nofs_nogarch_3_50,0.2856922398504831,0.6114,52.37063540957253,0.5427,Weak model,False,,3,50
rf_nofs_nogarch_5_5,-0.4150813221852412,0.4211,45.60492920158677,0.5231,Weak model,False,,5,5
rf_nofs_nogarch_5_10,-0.16079213459801822,0.7707,88.07711489461556,0.2527,Weak model,False,,5,10
rf_nofs_nogarch_5_20,0.09011377590219705,0.8699,107.44167329747769,0.1929,Weak model,False,,5,20
rf_nofs_nogarch_8_5,-0.27464783785533875,0.6,-63.05572135724182,0.3943,Weak model,False,,8,5
xgb_nofs_50_3_5,-0.6300347942423326,0.166,164.7052516231827,0.0579,Weak model,True,50,3,5
rf_nofs_nogarch_8_10,0.03485110032185579,0.9482,-45.87647910884132,0.5563,Weak model,False,,8,10
rf_nofs_nogarch_8_20,0.260772525040849,0.6392,-18.889620412609535,0.821,Weak model,False,,8,20
rf_nofs_nogarch_8_50,0.2184531101978997,0.6968,-13.46906393646058,0.857,Weak model,False,,8,50
rf_nofs_nogarch_50_5,-0.30953685952672705,0.5567,-75.81563894992743,0.2923,Weak model,False,,50,5
rf_nofs_nogarch_50_10,0.030202975822851474,0.9564,-42.31766442812858,0.5824,Weak model,False,,50,10
rf_nofs_nogarch_50_20,0.2340352831457171,0.6739,-34.55062748141738,0.6681,Weak model,False,,50,20
rf_nofs_nogarch_50_50,0.21406639762620627,0.703,-10.116399080051899,0.8943,Weak model,False,,50,50
xgb_nofs_75_5_50,-0.37456045575361685,0.4937,74.88545436911103,0.4594,Weak model,True,75,5,50
xgb_nofs_75_8_10,-0.5105276782522556,0.3216,6.798704937368331,0.9467,Weak model,True,75,8,10
mlp_50_5_20,0.1817594907151996,0.7129,183.3839331195008,0.0577,Weak model,True,50,5,20
xgb_nofs_nogarch_8_10,-0.5599642594077845,0.2966,-120.80280831476989,0.2226,Weak model,False,,8,10
xgb_nofs_nogarch_3_10,-0.7031826021291433,0.182,172.7270767701709,0.0803,Weak model,False,,3,10
xgb_nofs_nogarch_3_20,-0.5387599944321603,0.3201,146.4014439032278,0.1629,Weak model,False,,3,20
xgb_nofs_nogarch_3_50,-0.5466433769719288,0.313,157.69882225042693,0.1272,Weak model,False,,3,50
xgb_nofs_nogarch_5_5,-0.6576610498818666,0.2015,-154.90254550835587,0.1351,Weak model,False,,5,5
xgb_nofs_nogarch_5_10,-0.6685410527548269,0.2091,-8.856830740373617,0.925,Weak model,False,,5,10
xgb_nofs_nogarch_5_20,-0.49617987583294987,0.3652,-38.136529280786505,0.7194,Weak model,False,,5,20
xgb_nofs_nogarch_5_50,-0.5040968301296309,0.3582,-25.082581808997546,0.8115,Weak model,False,,5,50
xgb_nofs_nogarch_8_20,-0.43693202133248543,0.4256,-142.3215052660803,0.1773,Weak model,False,,8,20
xgb_nofs_90_50_50,-0.3312347372085386,0.5544,-84.78096291526734,0.4047,Weak model,True,90,50,50
xgb_nofs_nogarch_8_50,-0.4445665185605211,0.4184,-128.23207556501274,0.2195,Weak model,False,,8,50
xgb_nofs_nogarch_50_10,-0.5690407080001613,0.2896,-120.03327847039527,0.2222,Weak model,False,,50,10
xgb_nofs_nogarch_50_20,-0.4453650792743943,0.4165,-141.89362519522325,0.1726,Weak model,False,,50,20
xgb_nofs_nogarch_50_50,-0.45331938541247874,0.4088,-127.92360243234407,0.2135,Weak model,False,,50,50
mlp_50_3_5,-0.14066566863361463,0.7701,143.15692684936383,0.1629,Weak model,True,50,3,5
mlp_50_3_10,-0.059166626015549895,0.9039,188.1524066862154,0.0546,Weak model,True,50,3,10
mlp_50_5_5,-0.0784505511602146,0.8734,50.726452397375965,0.6254,Weak model,True,50,5,5
xgb_nofs_nogarch_3_5,-0.7630829231602496,0.1331,50.59625674712302,0.606,Weak model,False,,3,5
xgb_nofs_90_50_20,-0.3233647024716232,0.5643,-98.93652703719303,0.3396,Weak model,True,90,50,20
xgb_nofs_75_8_20,-0.3811042477304396,0.4913,3.6535110664660024,0.9704,Weak model,True,75,8,20
xgb_nofs_90_3_20,-0.4623457868706651,0.3985,138.09306072233807,0.1664,Weak model,True,90,3,20
xgb_nofs_75_8_50,-0.3886370377882543,0.4824,18.096935891232235,0.8532,Weak model,True,75,8,50
xgb_nofs_75_50_5,-0.6006540063270656,0.2621,-143.7334475267281,0.1277,Weak model,True,75,50,5
xgb_nofs_75_50_10,-0.4896681201230957,0.3573,-44.15215676202561,0.6359,Weak model,True,75,50,10
xgb_nofs_75_50_20,-0.36066844292765954,0.5208,-52.023128124042145,0.5914,Weak model,True,75,50,20
xgb_nofs_75_50_50,-0.36855650293506637,0.5121,-37.32991472796074,0.6979,Weak model,True,75,50,50
xgb_nofs_90_3_5,-0.5339186402931329,0.291,30.99878346724301,0.7745,Weak model,True,90,3,5
xgb_nofs_90_3_10,-0.660270686434455,0.2152,164.7222118661828,0.08,Weak model,True,90,3,10
xgb_nofs_90_3_50,-0.4702106410745245,0.3917,149.1750018601203,0.1301,Weak model,True,90,3,50
xgb_nofs_90_50_10,-0.48067492512748433,0.3821,-78.34074346716513,0.409,Weak model,True,90,50,10
xgb_nofs_90_5_5,-0.5285834881223799,0.3021,-118.43774837112966,0.2617,Weak model,True,90,5,5
xgb_nofs_90_5_10,-0.5334985528636027,0.3205,22.64483226818136,0.8149,Weak model,True,90,5,10
xgb_nofs_90_5_20,-0.3279187303593626,0.5509,-7.626606359467445,0.943,Weak model,True,90,5,20
xgb_nofs_90_5_50,-0.3358192319658634,0.5413,5.368490363312549,0.9568,Weak model,True,90,5,50
xgb_nofs_90_8_10,-0.4340810014729167,0.4296,-63.607234558170965,0.5174,Weak model,True,90,8,10
xgb_nofs_90_8_20,-0.27660965037083185,0.6178,-81.73637570081475,0.4393,Weak model,True,90,8,20
xgb_nofs_90_8_50,-0.284423675347967,0.6081,-67.66486758881982,0.5145,Weak model,True,90,8,50
rf_nogarch_8_20,-0.17486787992912078,0.7247,42.89524792029923,0.512,Weak model,False,,8,20
rf_nofs_90_50_20,0.3287379296759184,0.5543,0.5896040971319998,0.9941,Weak model,True,90,50,20
rf_nofs_90_50_10,0.025827048370784644,0.9619,-10.536943853133529,0.889,Weak model,True,90,50,10
rsi_pure_8_5,-0.3316385514799889,0.4698,65.47267197900766,0.1847,Weak model,False,,8,5
macd_garch_75_5_5,-0.21628022345753517,0.5898,74.09612851566382,0.1906,Weak model,True,75,5,5
macd_garch_75_8_5,-0.18302977249659835,0.6497,71.01021824509657,0.2033,Weak model,True,75,8,5
macd_garch_75_50_5,-0.22131577256816326,0.5841,77.04980485005834,0.1595,Weak model,True,75,50,5
macd_garch_90_3_5,-0.16319156876736463,0.6873,99.52677819760183,0.1053,Weak model,True,90,3,5
macd_garch_90_5_5,-0.12512431046138572,0.7625,103.95053399883588,0.113,Weak model,True,90,5,5
macd_garch_90_8_5,-0.16837175727804854,0.6864,90.50783303613673,0.1537,Weak model,True,90,8,5
macd_garch_90_50_5,-0.18920177799897364,0.6671,84.35680120403363,0.1631,Weak model,True,90,50,5
rsi_pure_50_5,-0.07735284281223131,0.8718,94.58140757753242,0.05,Weak model,False,,50,5
macd_garch_50_50_10,0.304817360651673,0.4499,116.06761624873761,0.0823,Weak model,True,50,50,10
rsi_garch_90_8_5,-0.3848268886245273,0.3681,53.18074639099264,0.2533,Weak model,True,90,8,5
rsi_garch_90_50_5,-0.027277767357289262,0.9535,84.57542532981299,0.092,Weak model,True,90,50,5
rf_nofs_50_3_5,-0.32909011968775004,0.4759,51.05022812528844,0.5163,Weak model,True,50,3,5
rf_nofs_50_3_10,-0.04122397640166997,0.9315,72.91989503519761,0.3904,Weak model,True,50,3,10
rf_nofs_50_3_20,0.41771541609180274,0.414,70.14855749147475,0.4667,Weak model,True,50,3,20
rf_nofs_50_3_50,0.3570420568035715,0.5332,32.152754707064226,0.6231,Weak model,True,50,3,50
rf_nofs_50_5_5,-0.4179471205225509,0.3917,38.498577207866674,0.5832,Weak model,True,50,5,5
macd_garch_75_3_5,-0.17004440218163286,0.6713,73.62145761692666,0.2079,Weak model,True,75,3,5
macd_garch_50_50_5,-0.014396995327404682,0.9695,15.401910052328404,0.7805,Weak model,True,50,50,5
rf_nofs_90_50_5,-0.31772574236497886,0.5417,-30.9211217630101,0.6442,Weak model,True,90,50,5
bb_garch_75_3_20,-0.516749134936948,0.2029,-45.92182990220927,0.1575,Weak model,True,75,3,20
bb_garch_50_3_10,-0.6689016279674039,0.08,-23.36079267653327,0.3773,Weak model,True,50,3,10
bb_garch_50_3_20,-0.6689016279674039,0.08,-23.36079267653327,0.3773,Weak model,True,50,3,20
bb_garch_50_3_50,-0.6689016279674039,0.08,-23.36079267653327,0.3773,Weak model,True,50,3,50
bb_garch_50_5_10,-0.6935007514757225,0.0963,-46.67243139016901,0.06,Weak model,True,50,5,10
bb_garch_50_5_20,-0.6935007514757225,0.0963,-46.67243139016901,0.06,Weak model,True,50,5,20
bb_garch_50_5_50,-0.6935007514757225,0.0963,-46.67243139016901,0.06,Weak model,True,50,5,50
bb_garch_75_3_10,-0.5776757145427917,0.153,-47.05948313783412,0.1342,Weak model,True,75,3,10
bb_garch_75_3_50,-0.516749134936948,0.2029,-45.92182990220927,0.1575,Weak model,True,75,3,50
macd_garch_50_8_10,0.304817360651673,0.4499,116.06761624873761,0.0823,Weak model,True,50,8,10
macd_pure_8_5,-0.20037472092077702,0.6337,121.95897570789029,0.0663,Weak model,False,,8,5
macd_pure_50_5,-0.2387732550017354,0.5746,126.47335601065103,0.0519,Weak model,False,,50,5
macd_garch_50_3_5,-0.103227414196285,0.7847,25.459057329429584,0.6528,Weak model,True,50,3,5
macd_garch_50_3_10,0.17298377798517295,0.6656,114.73190971166423,0.0768,Weak model,True,50,3,10
macd_garch_50_5_5,-0.12234516967393816,0.7486,32.42454165344505,0.565,Weak model,True,50,5,5
macd_garch_50_5_10,0.1539702353232112,0.7015,122.97536579506706,0.0588,Weak model,True,50,5,10
macd_garch_50_8_5,-0.014396995327404682,0.9695,15.401910052328404,0.7805,Weak model,True,50,8,5
rf_nofs_50_5_10,-0.2632938086952471,0.5999,100.40278989598808,0.169,Weak model,True,50,5,10
rf_nofs_50_5_20,0.2834248914832652,0.5931,91.06547393545654,0.2819,Weak model,True,50,5,20
rf_nofs_50_5_50,0.2676234040368316,0.6389,67.13627783348295,0.3035,Weak model,True,50,5,50
rf_nofs_90_3_50,0.3519674551992077,0.5354,45.863487280242694,0.5922,Weak model,True,90,3,50
rf_nofs_75_50_5,-0.31564203190933215,0.5384,-68.87920526485354,0.3046,Weak model,True,75,50,5
rf_nofs_75_50_10,0.03372097411491504,0.9507,-21.045925786359987,0.7686,Weak model,True,75,50,10
rf_nofs_75_50_20,0.33551894702799,0.55,-7.24434375720082,0.9322,Weak model,True,75,50,20
rf_nofs_75_50_50,0.3017813378270878,0.5968,27.667291979440392,0.7023,Weak model,True,75,50,50
rf_nofs_90_3_5,-0.3550010485840469,0.4812,87.56149563061628,0.261,Weak model,True,90,3,5
rf_nofs_90_3_10,-0.09490316205636107,0.858,93.56171317799203,0.2632,Weak model,True,90,3,10
rf_nofs_90_3_20,0.3964937112418526,0.4703,58.71567712213326,0.5459,Weak model,True,90,3,20
rf_nofs_90_5_5,-0.42496020363489817,0.4019,81.5824540692016,0.2277,Weak model,True,90,5,5
rf_nofs_50_8_5,-0.3278147953806988,0.5135,68.05259106993056,0.3002,Weak model,True,50,8,5
rf_nofs_90_5_10,-0.20426288981111296,0.6995,101.72437793198668,0.1494,Weak model,True,90,5,10
rf_nofs_90_5_20,0.18413834072992574,0.7402,112.44091430532475,0.1658,Weak model,True,90,5,20
rf_nofs_90_5_50,0.18132901911477628,0.7536,119.68154358081864,0.104,Weak model,True,90,5,50
rf_nofs_90_8_5,-0.28572552088959124,0.5781,-14.6069956828334,0.8377,Weak model,True,90,8,5
rf_nofs_90_8_10,0.02958961542404248,0.9584,-20.576476226976173,0.7887,Weak model,True,90,8,10
rf_nofs_90_8_20,0.3522781469386458,0.5227,22.024098888839006,0.7921,Weak model,True,90,8,20
rf_nofs_90_8_50,0.3091756577033633,0.5816,23.6508933031795,0.7559,Weak model,True,90,8,50
rf_nofs_75_8_50,0.1952446068856618,0.7293,42.16295351484856,0.5544,Weak model,True,75,8,50
rf_nofs_75_8_20,0.3162632697845904,0.5647,24.02457594661091,0.7647,Weak model,True,75,8,20
rf_nofs_75_8_10,-0.006623449435906648,0.9897,-20.86426893239922,0.7704,Weak model,True,75,8,10
rf_nofs_75_8_5,-0.21965300731754767,0.6636,-52.10569012942321,0.4588,Weak model,True,75,8,5
rf_nofs_50_8_10,-0.15075120177478696,0.7729,81.23659165369202,0.1935,Weak model,True,50,8,10
rf_nofs_50_8_20,0.2723261649316846,0.6172,136.367147884679,0.0793,Weak model,True,50,8,20
rf_nofs_50_8_50,0.4477970345920079,0.4373,40.28258508451251,0.5258,Weak model,True,50,8,50
rf_nofs_50_50_5,-0.1621456690653741,0.7628,-22.658695334506504,0.7385,Weak model,True,50,50,5
rf_nofs_50_50_10,0.05958962715602634,0.9132,5.2111681265429795,0.9395,Weak model,True,50,50,10
rf_nofs_50_50_20,0.4629210044742642,0.4084,4.763520360712086,0.9504,Weak model,True,50,50,20
rf_nofs_50_50_50,0.4477970345920079,0.4373,40.28258508451251,0.5258,Weak model,True,50,50,50
rf_nofs_75_3_5,-0.3516149966160159,0.4694,32.612913466930635,0.6734,Weak model,True,75,3,5
rf_nofs_75_3_10,-0.15916028829907092,0.7611,56.56504995486455,0.4738,Weak model,True,75,3,10
rf_nofs_75_3_20,0.3062090548056595,0.5659,44.34756135721179,0.6276,Weak model,True,75,3,20
rf_nofs_75_3_50,0.20211590167462012,0.7195,53.72715310916199,0.497,Weak model,True,75,3,50
rf_nofs_75_5_5,-0.3742152557620544,0.4556,0.9947108787531604,0.9892,Weak model,True,75,5,5
rf_nofs_75_5_10,-0.2637286819007979,0.6182,90.07072751967608,0.2041,Weak model,True,75,5,10
rf_nofs_75_5_20,0.2011387885832404,0.7142,40.33518719932473,0.6205,Weak model,True,75,5,20
rf_nofs_75_5_50,0.1480178554385192,0.7935,80.19010005218959,0.2674,Weak model,True,75,5,50
mlp_50_5_10,0.09470697207732326,0.8455,121.96888564874916,0.2396,Weak model,True,50,5,10
rf_nofs_90_50_50,0.3043671681136456,0.5891,26.944829943387155,0.719,Weak model,True,90,50,50
rf_75_3_10,-0.30184716168441306,0.4941,56.65378200912787,0.4044,Weak model,True,75,3,10
rf_75_8_5,-0.512537544290062,0.2532,-37.66399879250055,0.5527,Weak model,True,75,8,5
rf_90_50_10,-0.41290137598400256,0.3795,24.332316319439773,0.6988,Weak model,True,90,50,10
rf_90_50_20,-0.127381710051513,0.7978,56.60196499281558,0.3761,Weak model,True,90,50,20
mlp_nogarch_50_50,-0.27524301546910657,0.6328,124.70502426265502,0.1646,Weak model,False,,50,50
mlp_90_50_10,-0.10575003615120238,0.8546,162.8509481706031,0.0784,Weak model,True,90,50,10
mlp_90_50_5,-0.19218426258944465,0.7229,-1.8223617033881894,0.9849,Weak model,True,90,50,5
rf_90_5_5,-0.6166305728706604,0.1623,44.179985044387514,0.4562,Weak model,True,90,5,5
rf_50_3_5,-0.4519759111802578,0.2474,31.866853420081476,0.5798,Weak model,True,50,3,5
rf_75_5_50,-0.008231221330340155,0.9858,58.371736790038746,0.3586,Weak model,True,75,5,50
mlp_90_8_20,0.009215803168016512,0.9876,177.05140741212387,0.0641,Weak model,True,90,8,20
mlp_90_8_10,-0.143042357579797,0.7997,169.453186973987,0.0674,Weak model,True,90,8,10
rf_50_3_10,-0.20863488730777757,0.6264,28.60937320535698,0.6361,Weak model,True,50,3,10
rf_nogarch_3_10,-0.516070773882913,0.2488,91.71441778229809,0.188,Weak model,False,,3,10
rf_nogarch_3_20,-0.2446954889008175,0.6115,106.05855320560406,0.1494,Weak model,False,,3,20
rf_nogarch_3_50,-0.24068018370726485,0.6192,127.07877476661861,0.0645,Weak model,False,,3,50
rf_75_5_20,-0.04924514638161748,0.9221,38.968834462769536,0.5529,Weak model,True,75,5,20
rf_75_5_10,-0.3419450810795842,0.4544,8.976900940059028,0.8884,Weak model,True,75,5,10
mlp_90_8_5,-0.23872477892183508,0.6584,6.779383318384415,0.9464,Weak model,True,90,8,5
rf_nogarch_3_5,-0.6609589700843584,0.1234,77.66649217139289,0.264,Weak model,False,,3,5
rf_50_3_20,0.0559053256635027,0.9024,19.713420028849804,0.741,Weak model,True,50,3,20
mlp_90_50_20,0.05536175392952114,0.9276,167.78507401979053,0.0837,Weak model,True,90,50,20
rf_75_8_10,-0.2828447586407331,0.5431,-12.924586849614514,0.8397,Weak model,True,75,8,10
rf_75_50_5,-0.39423339503234045,0.3903,-53.798916818433796,0.4126,Weak model,True,75,50,5
rf_75_8_20,-0.021427026690034046,0.965,27.404309712990525,0.6788,Weak model,True,75,8,20
rf_90_8_10,-0.41290137598400256,0.3795,24.332316319439773,0.6988,Weak model,True,90,8,10
rf_90_8_50,-0.07664582304574297,0.8833,66.59969148797603,0.2859,Weak model,True,90,8,50
rf_90_50_5,-0.543453334420042,0.2263,10.983542077044248,0.8605,Weak model,True,90,50,5
rf_90_8_5,-0.543453334420042,0.2263,10.983542077044248,0.8605,Weak model,True,90,8,5
rf_90_5_50,-0.11506276124272474,0.8216,94.64582300442724,0.1238,Weak model,True,90,5,50
mlp_nogarch_5_5,-0.516765949146794,0.3427,98.55437104114682,0.2764,Weak model,False,,5,5
rf_75_8_50,0.019532235752706018,0.9683,47.636707252301775,0.4577,Weak model,True,75,8,50
mlp_nogarch_8_5,-0.448247679760013,0.4155,-61.61126281944013,0.5138,Weak model,False,,8,5
rf_90_5_20,-0.16574629918605788,0.7332,84.94508407095026,0.1793,Weak model,True,90,5,20
mlp_nogarch_8_10,-0.3806375824399868,0.5051,84.36210659553095,0.3506,Weak model,False,,8,10
mlp_nogarch_8_20,-0.30137967888772277,0.6009,108.867101792617,0.2227,Weak model,False,,8,20
mlp_nogarch_8_50,-0.27524301546910657,0.6328,124.70502426265502,0.1646,Weak model,False,,8,50
mlp_nogarch_3_5,-0.4004983285763032,0.4575,143.85778369701484,0.1295,Weak model,False,,3,5
rf_90_5_10,-0.48591633738513085,0.298,56.42121255108288,0.3577,Weak model,True,90,5,10
mlp_50_8_5,-0.11485912663637454,0.8198,5.151740092059846,0.9535,Weak model,True,50,8,5
mlp_nogarch_50_5,-0.448247679760013,0.4155,-61.61126281944013,0.5138,Weak model,False,,50,5
mlp_90_50_50,0.05056414832057465,0.9333,177.14299449936144,0.063,Weak model,True,90,50,50
mlp_nogarch_50_10,-0.3806375824399868,0.5051,84.36210659553095,0.3506,Weak model,False,,50,10
mlp_nogarch_50_20,-0.30137967888772277,0.6009,108.867101792617,0.2227,Weak model,False,,50,20
rf_50_3_50,0.08102054694414673,0.8669,24.420456158016847,0.6617,Weak model,True,50,3,50
rf_50_5_5,-0.6356954412754326,0.1207,24.351544027594535,0.6317,Weak model,True,50,5,5
rf_50_5_10,-0.43939321778513174,0.3158,20.28124892174082,0.706,Weak model,True,50,5,10
rf_50_5_20,-0.2736968493629942,0.5564,41.30912506717766,0.4406,Weak model,True,50,5,20
rf_75_50_50,0.12069052315114148,0.8093,35.10854812381217,0.5947,Weak model,True,75,50,50
rf_50_50_10,-0.19379908621551378,0.6826,2.875689030348191,0.9588,Weak model,True,50,50,10
rf_75_5_5,-0.5714152566609106,0.1914,-14.09452828322794,0.82,Weak model,True,75,5,5
mlp_75_5_5,-0.4222013362115641,0.4083,105.17935221487642,0.217,Weak model,True,75,5,5
rf_75_3_50,-0.008544901578681485,0.9873,98.25527392429225,0.1436,Weak model,True,75,3,50
rf_90_50_50,-0.07664582304574297,0.8833,66.59969148797603,0.2859,Weak model,True,90,50,50
rf_50_50_20,0.07359471446837274,0.8793,10.247572049469694,0.8593,Weak model,True,50,50,20
rf_75_50_10,-0.16453139607323297,0.7325,-30.309155866372027,0.6472,Weak model,True,75,50,10
rf_75_3_20,-0.035245488870651154,0.9427,73.34954442150237,0.2959,Weak model,True,75,3,20
mlp_50_50_50,0.24751314489689724,0.6683,73.4108368104227,0.3861,Weak model,True,50,50,50
rf_50_50_50,0.091591623429081,0.856,28.139964205632584,0.5989,Weak model,True,50,50,50
mlp_50_50_20,0.21445796376405657,0.7055,54.60783863782147,0.5187,Weak model,True,50,50,20
mlp_50_50_10,0.18847047283100438,0.7431,12.836523242589152,0.8896,Weak model,True,50,50,10
mlp_50_50_5,0.02200396221041967,0.9656,-42.146380435165476,0.6441,Weak model,True,50,50,5
mlp_50_8_50,0.12754730879839749,0.803,131.32715100894046,0.1498,Weak model,True,50,8,50
mlp_50_8_20,0.09514330465700582,0.8503,120.74876597404725,0.1799,Weak model,True,50,8,20
rf_75_3_5,-0.5275058562433806,0.2082,35.95954544792459,0.5869,Weak model,True,75,3,5
rf_75_50_20,0.07982417811211162,0.8725,14.787862103140679,0.8302,Weak model,True,75,50,20
mlp_50_8_10,0.05006625109859686,0.9192,83.38674859038025,0.3991,Weak model,True,50,8,10
mlp_75_8_5,-0.45059994360744937,0.3919,28.763518272201093,0.725,Weak model,True,75,8,5
mlp_75_8_10,-0.1905567921693465,0.7356,127.19910441151201,0.16,Weak model,True,75,8,10
mlp_75_8_20,-0.11812627888622074,0.8343,161.9612040952704,0.0576,Weak model,True,75,8,20
rf_nogarch_8_10,-0.46035954350717667,0.3361,12.576631009221938,0.8425,Weak model,False,,8,10
rf_90_3_10,-0.44430849008241735,0.3165,119.02934902582533,0.0693,Weak model,True,90,3,10
rf_nogarch_5_5,-0.5972515080142952,0.1857,42.428976541600505,0.5099,Weak model,False,,5,5
mlp_90_5_5,-0.2679064549890079,0.6125,133.83106886731395,0.1721,Weak model,True,90,5,5
rf_nogarch_5_10,-0.49638937094674074,0.2945,58.25867145597162,0.3593,Weak model,False,,5,10
rf_nogarch_5_20,-0.18456163611578402,0.7088,83.5922999547495,0.2073,Weak model,False,,5,20
rf_50_5_50,-0.3081072542103439,0.5141,51.70906505408553,0.2984,Weak model,True,50,5,50
rf_nogarch_5_50,-0.15883982720013368,0.7556,103.05853225123997,0.1036,Weak model,False,,5,50
rf_nogarch_8_5,-0.5613165563393846,0.2171,-3.3087478543199147,0.9601,Weak model,False,,8,5
mlp_75_50_50,-0.036813221130002405,0.9482,126.9870722666138,0.1285,Weak model,True,75,50,50
rf_50_50_5,-0.4437663005684136,0.3221,10.193155486170884,0.8511,Weak model,True,50,50,5
mlp_75_50_20,-0.057326168795779786,0.9185,119.85011534784059,0.1502,Weak model,True,75,50,20
rf_50_8_5,-0.48367139452762653,0.2581,0.35002415512274077,0.9934,Weak model,True,50,8,5
rf_50_8_10,-0.23357753386195912,0.6082,-6.925756420459528,0.9058,Weak model,True,50,8,10
mlp_75_50_10,-0.130080366620265,0.8233,85.36392863734659,0.3405,Weak model,True,75,50,10
mlp_75_50_5,-0.3902717709835838,0.4712,-6.902362075181257,0.933,Weak model,True,75,50,5
rf_90_3_5,-0.6226234008305829,0.1409,112.09904550657909,0.0805,Weak model,True,90,3,5
rf_50_8_20,0.01063916834070222,0.9792,3.900112069698869,0.9449,Weak model,True,50,8,20
rf_50_8_50,0.02857882922440791,0.9518,22.162072195579988,0.676,Weak model,True,50,8,50
rf_90_8_20,-0.127381710051513,0.7978,56.60196499281558,0.3761,Weak model,True,90,8,20
mlp_pca_50_5_5,-1.0838689964139256,0.021,113.30625239277185,0.0827,Underperforming strategy,True,50,5,5
mlp_pca_90_8_50,-1.0655649470207638,0.0482,78.05934701474519,0.3003,Underperforming strategy,True,90,8,50
mlp_pca_90_8_20,-1.0655649470207638,0.0482,78.05934701474519,0.3003,Underperforming strategy,True,90,8,20
mlp_pca_90_8_10,-1.0750055329001613,0.0454,78.84985989014692,0.2947,Underperforming strategy,True,90,8,10
mlp_pca_90_5_50,-1.1013554718719298,0.0437,144.02068714436558,0.0731,Underperforming strategy,True,90,5,50
mlp_pca_90_5_20,-1.1013554718719298,0.0437,144.02068714436558,0.0731,Underperforming strategy,True,90,5,20
mlp_pca_90_5_10,-1.1110838771902145,0.0419,144.74163498025538,0.0714,Underperforming strategy,True,90,5,10
macd_garch_50_5_20,0.33356309643856397,0.4677,205.14333395208334,0.0061,Potential signal (strategy not outperforming),True,50,5,20
macd_garch_75_50_20,0.2775224770623328,0.5562,269.9184629523142,0.0002,Potential signal (strategy not outperforming),True,75,50,20
rf_90_3_20,-0.18287993809905712,0.7016,141.56178434795453,0.0373,Potential signal (strategy not outperforming),True,90,3,20
xgb_sig_fs_90_50_5,-0.34881978641806,0.5057,-287.41643306096165,0.009,Potential signal (strategy not outperforming),True,90,50,5
macd_garch_90_3_10,-0.07445228104493562,0.8664,229.9766675780466,0.0007,Potential signal (strategy not outperforming),True,90,3,10
macd_garch_90_3_20,0.1021065130308636,0.8366,304.7250107015032,0.0,Potential signal (strategy not outperforming),True,90,3,20
macd_garch_90_3_50,0.11328320668895975,0.8195,338.10823957777046,0.0,Potential signal (strategy not outperforming),True,90,3,50
macd_garch_90_5_10,-0.011536268831093599,0.9779,245.61973296810936,0.0008,Potential signal (strategy not outperforming),True,90,5,10
macd_garch_90_5_20,0.16507466016021632,0.7389,329.2277444814435,0.0,Potential signal (strategy not outperforming),True,90,5,20
macd_garch_90_5_50,0.17600640393289357,0.7255,365.3464154894182,0.0,Potential signal (strategy not outperforming),True,90,5,50
macd_garch_90_8_10,-0.0040535329975252,0.9925,213.97830303026595,0.0034,Potential signal (strategy not outperforming),True,90,8,10
macd_garch_90_8_20,0.1727363706129562,0.7313,294.44002393238634,0.0002,Potential signal (strategy not outperforming),True,90,8,20
macd_garch_90_8_50,0.1837577241770998,0.7164,328.9238294305722,0.0,Potential signal (strategy not outperforming),True,90,8,50
macd_garch_90_50_10,-0.049601367026901655,0.9147,203.1791251373001,0.0021,Potential signal (strategy not outperforming),True,90,50,10
macd_garch_90_50_20,0.1269271267038573,0.8079,280.73276001244767,0.0,Potential signal (strategy not outperforming),True,90,50,20
macd_garch_90_50_50,0.13820832908398684,0.7953,313.5095040705379,0.0,Potential signal (strategy not outperforming),True,90,50,50
rsi_pure_3_5,-0.34716989283499033,0.4128,234.13154782134316,0.0,Potential signal (strategy not outperforming),False,,3,5
rsi_pure_3_10,-0.12509595487570724,0.7815,341.9161454133749,0.0,Potential signal (strategy not outperforming),False,,3,10
rsi_pure_3_20,-0.16046600930682375,0.7244,405.23131991795515,0.0,Potential signal (strategy not outperforming),False,,3,20
rsi_pure_3_50,-0.16046600930682375,0.7244,405.23131991795515,0.0,Potential signal (strategy not outperforming),False,,3,50
rsi_pure_5_5,-0.562719404123812,0.1945,228.05430660245503,0.0,Potential signal (strategy not outperforming),False,,5,5
macd_garch_75_50_50,0.28642582244848314,0.5434,312.54100514124497,0.0,Potential signal (strategy not outperforming),True,75,50,50
macd_garch_75_8_50,0.32466297698012947,0.4926,311.6613746278249,0.0,Potential signal (strategy not outperforming),True,75,8,50
macd_garch_75_50_10,0.09768989066924583,0.8149,172.92540307176387,0.0073,Potential signal (strategy not outperforming),True,75,50,10
macd_garch_75_5_10,0.08348432807181816,0.8425,168.1064391105709,0.0124,Potential signal (strategy not outperforming),True,75,5,10
macd_garch_50_8_20,0.48079248923299023,0.3003,205.9350934660343,0.006,Potential signal (strategy not outperforming),True,50,8,20
xgb_sig_fs_90_5_5,-0.4783949412377724,0.3616,-213.04276649954465,0.0482,Potential signal (strategy not outperforming),True,90,5,5
macd_garch_50_8_50,0.4897867849998494,0.2912,254.91525227201407,0.0003,Potential signal (strategy not outperforming),True,50,8,50
macd_garch_50_50_20,0.48079248923299023,0.3003,205.9350934660343,0.006,Potential signal (strategy not outperforming),True,50,50,20
macd_garch_50_50_50,0.4897867849998494,0.2912,254.91525227201407,0.0003,Potential signal (strategy not outperforming),True,50,50,50
macd_garch_75_3_10,0.1298356679112288,0.7519,167.90507794589934,0.0129,Potential signal (strategy not outperforming),True,75,3,10
macd_garch_75_3_20,0.3286599500575723,0.4781,270.87160918688704,0.0002,Potential signal (strategy not outperforming),True,75,3,20
macd_garch_75_3_50,0.3377553540360413,0.4671,315.8036786889082,0.0,Potential signal (strategy not outperforming),True,75,3,50
macd_garch_75_5_20,0.2821582602325916,0.5481,270.86719690828835,0.0003,Potential signal (strategy not outperforming),True,75,5,20
rf_90_3_50,-0.15337023433224584,0.7534,140.9909189240231,0.0281,Potential signal (strategy not outperforming),True,90,3,50
macd_pure_50_20,0.03810532868218952,0.9361,304.3427237453048,0.0,Potential signal (strategy not outperforming),False,,50,20
macd_garch_50_3_50,0.36163790537606433,0.4271,244.10870517576205,0.0011,Potential signal (strategy not outperforming),True,50,3,50
macd_garch_50_3_20,0.3526975639655132,0.4386,195.21529330486555,0.0086,Potential signal (strategy not outperforming),True,50,3,20
xgb_sig_fs_90_8_5,-0.3877676295411111,0.4593,-278.4202030232832,0.0107,Potential signal (strategy not outperforming),True,90,8,5
macd_garch_75_8_10,0.1360395743407118,0.7499,168.76277999901544,0.0105,Potential signal (strategy not outperforming),True,75,8,10
macd_pure_50_50,0.049208901605463096,0.9205,338.77677938860927,0.0,Potential signal (strategy not outperforming),False,,50,50
macd_garch_75_8_20,0.31561085528400457,0.4984,267.59897955136375,0.0004,Potential signal (strategy not outperforming),True,75,8,20
macd_garch_50_5_50,0.34252092052721494,0.4561,254.12097010762,0.0007,Potential signal (strategy not outperforming),True,50,5,50
macd_garch_75_5_50,0.29127121992459715,0.536,314.9686938134096,0.0,Potential signal (strategy not outperforming),True,75,5,50
mlp_50_5_50,0.19059939550799154,0.7071,189.2920565592334,0.0457,Potential signal (strategy not outperforming),True,50,5,50
macd_pure_50_10,-0.1439808306746969,0.7567,230.22845179191665,0.001,Potential signal (strategy not outperforming),False,,50,10
macd_pure_8_50,0.08734515217151051,0.8626,339.13255124796524,0.0,Potential signal (strategy not outperforming),False,,8,50
bb_garch_50_8_5,-0.3604047215970795,0.3975,-126.3338286135241,0.0001,Potential signal (strategy not outperforming),True,50,8,5
bb_garch_50_8_10,-0.837983768004874,0.056,-51.64011080117025,0.0375,Potential signal (strategy not outperforming),True,50,8,10
bb_garch_50_8_20,-0.837983768004874,0.056,-51.64011080117025,0.0375,Potential signal (strategy not outperforming),True,50,8,20
bb_garch_50_8_50,-0.837983768004874,0.056,-51.64011080117025,0.0375,Potential signal (strategy not outperforming),True,50,8,50
bb_garch_50_50_5,-0.12557275139358115,0.7687,-167.30524266895614,0.0,Potential signal (strategy not outperforming),True,50,50,5
bb_garch_50_50_10,-0.24816555569246568,0.6109,-87.77737836356052,0.0006,Potential signal (strategy not outperforming),True,50,50,10
bb_garch_50_50_20,-0.24816555569246568,0.6109,-87.77737836356052,0.0006,Potential signal (strategy not outperforming),True,50,50,20
bb_garch_50_50_50,-0.24816555569246568,0.6109,-87.77737836356052,0.0006,Potential signal (strategy not outperforming),True,50,50,50
bb_garch_75_3_5,-0.47235012860100845,0.2191,-102.25138251150099,0.0036,Potential signal (strategy not outperforming),True,75,3,5
bb_garch_75_5_5,-0.3501999487392625,0.4091,-203.97909605303815,0.0,Potential signal (strategy not outperforming),True,75,5,5
bb_garch_75_5_10,-0.4450802624347584,0.3314,-125.69865768670996,0.0001,Potential signal (strategy not outperforming),True,75,5,10
bb_garch_75_5_20,-0.3840342065671708,0.4011,-127.16950569550315,0.0002,Potential signal (strategy not outperforming),True,75,5,20
bb_garch_75_5_50,-0.3840342065671708,0.4011,-127.16950569550315,0.0002,Potential signal (strategy not outperforming),True,75,5,50
bb_garch_75_8_5,-0.3593357105416203,0.413,-183.70900812876238,0.0,Potential signal (strategy not outperforming),True,75,8,5
bb_garch_75_8_10,-0.7872017000796488,0.0834,-83.30239868746617,0.0037,Potential signal (strategy not outperforming),True,75,8,10
bb_garch_50_5_5,-0.47880855602277894,0.2361,-111.16012644448335,0.0002,Potential signal (strategy not outperforming),True,50,5,5
bb_garch_50_3_5,-0.5200296857903791,0.152,-66.9618811560248,0.0212,Potential signal (strategy not outperforming),True,50,3,5
bb_pure_50_50,-0.11088360217711868,0.8228,-182.09417137476152,0.0,Potential signal (strategy not outperforming),False,,50,50
bb_pure_8_5,-0.21075985909878125,0.6399,-207.22202096679794,0.0,Potential signal (strategy not outperforming),False,,8,5
bb_pure_3_20,-0.3188340510884141,0.4594,-86.5161474891704,0.0316,Potential signal (strategy not outperforming),False,,3,20
bb_pure_3_50,-0.3188340510884141,0.4594,-86.5161474891704,0.0316,Potential signal (strategy not outperforming),False,,3,50
bb_pure_5_5,-0.23670128633177712,0.5822,-264.783006225845,0.0,Potential signal (strategy not outperforming),False,,5,5
bb_pure_5_10,-0.40549779590982515,0.3853,-89.31981737556822,0.0105,Potential signal (strategy not outperforming),False,,5,10
bb_pure_5_20,-0.38282501982088857,0.4143,-106.79386814401164,0.0028,Potential signal (strategy not outperforming),False,,5,20
bb_pure_5_50,-0.38282501982088857,0.4143,-106.79386814401164,0.0028,Potential signal (strategy not outperforming),False,,5,50
bb_pure_8_10,-0.2519907991552184,0.5924,-179.86763971301983,0.0,Potential signal (strategy not outperforming),False,,8,10
bb_pure_50_20,-0.11088360217711868,0.8228,-182.09417137476152,0.0,Potential signal (strategy not outperforming),False,,50,20
bb_pure_8_20,-0.32058919461866897,0.5142,-129.1317686549669,0.0002,Potential signal (strategy not outperforming),False,,8,20
bb_pure_8_50,-0.32058919461866897,0.5142,-129.1317686549669,0.0002,Potential signal (strategy not outperforming),False,,8,50
bb_pure_50_5,0.09813233387630982,0.8328,-289.602912997937,0.0,Potential signal (strategy not outperforming),False,,50,5
mlp_pca_sig_nogarch_3_50,-0.4228920237639803,0.4407,199.60896683662185,0.0394,Potential signal (strategy not outperforming),False,,3,50
mlp_pca_sig_nogarch_3_20,-0.4228920237639803,0.4407,199.60896683662185,0.0394,Potential signal (strategy not outperforming),False,,3,20
bb_pure_50_10,-0.11088360217711868,0.8228,-182.09417137476152,0.0,Potential signal (strategy not outperforming),False,,50,10
bb_garch_75_8_20,-0.7264698216711613,0.1109,-81.00587752854881,0.0051,Potential signal (strategy not outperforming),True,75,8,20
bb_garch_75_8_50,-0.7264698216711613,0.1109,-81.00587752854881,0.0051,Potential signal (strategy not outperforming),True,75,8,50
bb_garch_75_50_5,-0.053688807826944296,0.9014,-260.4717037050724,0.0,Potential signal (strategy not outperforming),True,75,50,5
macd_pure_3_50,0.02718294463075377,0.9534,348.46170605685745,0.0,Potential signal (strategy not outperforming),False,,3,50
macd_pure_3_5,-0.23562257430805522,0.5706,150.25754715331033,0.017,Potential signal (strategy not outperforming),False,,3,5
xgb_sig_fs_nogarch_50_10,-0.20039366431119832,0.7001,-280.91973805266525,0.0274,Potential signal (strategy not outperforming),False,,50,10
xgb_sig_fs_nogarch_50_5,-0.3967075113323818,0.4574,-301.68885153641696,0.0061,Potential signal (strategy not outperforming),False,,50,5
rsi_pure_5_20,-0.37619747022678496,0.4223,377.62150300759737,0.0,Potential signal (strategy not outperforming),False,,5,20
macd_pure_3_10,-0.16582633579970252,0.7126,246.9966586378158,0.0002,Potential signal (strategy not outperforming),False,,3,10
macd_pure_3_20,0.016043279669496036,0.9706,315.8324579800402,0.0,Potential signal (strategy not outperforming),False,,3,20
xgb_sig_fs_nogarch_8_5,-0.41450630139141176,0.4379,-274.9863090711165,0.0153,Potential signal (strategy not outperforming),False,,8,5
bb_garch_90_50_20,-0.11088360217711868,0.8228,-182.09417137476152,0.0,Potential signal (strategy not outperforming),True,90,50,20
macd_pure_5_5,-0.2168975669938733,0.6094,146.46873243672698,0.0245,Potential signal (strategy not outperforming),False,,5,5
macd_pure_5_10,-0.12217513185749396,0.7962,251.1868783706539,0.0005,Potential signal (strategy not outperforming),False,,5,10
macd_pure_5_20,0.059943422723855444,0.9019,325.66772253368526,0.0,Potential signal (strategy not outperforming),False,,5,20
macd_pure_5_50,0.07116217622096033,0.8874,360.90883988713347,0.0,Potential signal (strategy not outperforming),False,,5,50
macd_pure_8_10,-0.10549532302544806,0.8221,227.3897552062411,0.002,Potential signal (strategy not outperforming),False,,8,10
macd_pure_8_20,0.07616222169605891,0.8753,303.3545468461676,0.0,Potential signal (strategy not outperforming),False,,8,20
bb_garch_90_50_50,-0.11088360217711868,0.8228,-182.09417137476152,0.0,Potential signal (strategy not outperforming),True,90,50,50
bb_garch_90_50_10,-0.11088360217711868,0.8228,-182.09417137476152,0.0,Potential signal (strategy not outperforming),True,90,50,10
bb_garch_75_50_10,-0.25953273333923255,0.6049,-147.02636102496757,0.0,Potential signal (strategy not outperforming),True,75,50,10
bb_garch_90_5_5,-0.1712452617217235,0.6885,-267.64044464641745,0.0,Potential signal (strategy not outperforming),True,90,5,5
bb_garch_75_50_20,-0.25953273333923255,0.6049,-147.02636102496757,0.0,Potential signal (strategy not outperforming),True,75,50,20
bb_garch_75_50_50,-0.25953273333923255,0.6049,-147.02636102496757,0.0,Potential signal (strategy not outperforming),True,75,50,50
bb_garch_90_3_5,-0.3792770301666384,0.3337,-145.11159826275343,0.0004,Potential signal (strategy not outperforming),True,90,3,5
bb_garch_90_3_10,-0.44748156383767257,0.2746,-73.36537178811005,0.0438,Potential signal (strategy not outperforming),True,90,3,10
bb_garch_90_3_20,-0.36379750757069973,0.3795,-89.83749687331809,0.0194,Potential signal (strategy not outperforming),True,90,3,20
bb_garch_90_3_50,-0.36379750757069973,0.3795,-89.83749687331809,0.0194,Potential signal (strategy not outperforming),True,90,3,50
bb_garch_90_5_10,-0.22845966439431142,0.6225,-170.04595714638214,0.0001,Potential signal (strategy not outperforming),True,90,5,10
bb_garch_90_50_5,0.09998040008832199,0.8206,-335.4984745789028,0.0,Potential signal (strategy not outperforming),True,90,50,5
bb_garch_90_5_20,-0.14466677347087975,0.7468,-191.75836909448805,0.0,Potential signal (strategy not outperforming),True,90,5,20
bb_garch_90_5_50,-0.14466677347087975,0.7468,-191.75836909448805,0.0,Potential signal (strategy not outperforming),True,90,5,50
bb_garch_90_8_5,-0.09308206172143363,0.826,-270.81451878728024,0.0,Potential signal (strategy not outperforming),True,90,8,5
bb_garch_90_8_10,-0.5258813241838065,0.2459,-124.77977011789272,0.0002,Potential signal (strategy not outperforming),True,90,8,10
bb_garch_90_8_20,-0.46512035457709766,0.3058,-123.65531593721262,0.0,Potential signal (strategy not outperforming),True,90,8,20
bb_garch_90_8_50,-0.46512035457709766,0.3058,-123.65531593721262,0.0,Potential signal (strategy not outperforming),True,90,8,50
rsi_pure_5_10,-0.34079789665076077,0.456,321.3722077997945,0.0,Potential signal (strategy not outperforming),False,,5,10
rsi_garch_75_8_5,-0.514405171015521,0.2248,108.8920357662742,0.0092,Potential signal (strategy not outperforming),True,75,8,5
rsi_pure_5_50,-0.37619747022678496,0.4223,377.62150300759737,0.0,Potential signal (strategy not outperforming),False,,5,50
mlp_pca_90_3_50,-1.2517534858617712,0.0182,237.12382057232128,0.0015,Potential signal (strategy not outperforming),True,90,3,50
xgb_nofs_50_3_10,-0.49753491840667585,0.2955,223.34415633850216,0.0114,Potential signal (strategy not outperforming),True,50,3,10
xgb_nofs_50_3_20,-0.36609310415223906,0.4619,219.8931674078584,0.0104,Potential signal (strategy not outperforming),True,50,3,20
xgb_nofs_50_3_50,-0.39198484743473927,0.4285,222.85759200236595,0.0077,Potential signal (strategy not outperforming),True,50,3,50
mlp_nogarch_3_10,-0.23236764603672855,0.6763,281.8258605019674,0.004,Potential signal (strategy not outperforming),False,,3,10
mlp_pca_90_3_10,-1.2612917817231444,0.0176,237.7032373062142,0.0015,Potential signal (strategy not outperforming),True,90,3,10
mlp_pca_90_3_20,-1.2517534858617712,0.0182,237.12382057232128,0.0015,Potential signal (strategy not outperforming),True,90,3,20
xgb_sig_90_3_50,-0.276408019962888,0.6175,279.1537431700001,0.027,Potential signal (strategy not outperforming),True,90,3,50
mlp_nogarch_3_50,-0.13800598969448352,0.8119,338.7105434644642,0.0004,Potential signal (strategy not outperforming),False,,3,50
xgb_sig_90_3_20,-0.24034415174626267,0.6613,271.2355027912266,0.0369,Potential signal (strategy not outperforming),True,90,3,20
mlp_90_8_50,0.0050844647425938305,0.9926,186.32386046114655,0.0473,Potential signal (strategy not outperforming),True,90,8,50
xgb_sig_75_5_50,-0.5711612847938885,0.305,245.65587314922593,0.0108,Potential signal (strategy not outperforming),True,75,5,50
xgb_sig_75_5_20,-0.5350491954051504,0.3354,241.09118656868276,0.0149,Potential signal (strategy not outperforming),True,75,5,20
xgb_sig_75_3_50,-0.4694164010678825,0.3904,288.7395390821447,0.0047,Potential signal (strategy not outperforming),True,75,3,50
xgb_sig_75_3_20,-0.4331489562484634,0.4281,283.75744185486474,0.008,Potential signal (strategy not outperforming),True,75,3,20
mlp_nogarch_3_20,-0.16456662775978725,0.7723,322.3057282133158,0.0005,Potential signal (strategy not outperforming),False,,3,20
mlp_pca_75_8_50,-0.8367509445202589,0.1254,168.08487190062414,0.0303,Potential signal (strategy not outperforming),True,75,8,50
mlp_pca_50_3_20,-1.0830000680735927,0.0218,249.82053405493315,0.0001,Potential signal (strategy not outperforming),True,50,3,20
mlp_pca_75_3_20,-1.122463974178195,0.0268,271.0091637424698,0.0,Potential signal (strategy not outperforming),True,75,3,20
mlp_pca_50_5_10,-1.1713930881496468,0.0137,195.65346303984478,0.0026,Potential signal (strategy not outperforming),True,50,5,10
mlp_pca_50_5_20,-1.161467543876257,0.0151,194.847121125991,0.0025,Potential signal (strategy not outperforming),True,50,5,20
mlp_pca_50_5_50,-1.161467543876257,0.0151,194.847121125991,0.0025,Potential signal (strategy not outperforming),True,50,5,50
mlp_nogarch_5_50,-0.31702464117647133,0.5807,234.79166375437168,0.0071,Potential signal (strategy not outperforming),False,,5,50
mlp_pca_75_3_5,-0.919461478040512,0.063,176.708874659108,0.0352,Potential signal (strategy not outperforming),True,75,3,5
mlp_pca_75_3_10,-1.1319425020586331,0.0249,271.7368545568909,0.0,Potential signal (strategy not outperforming),True,75,3,10
mlp_pca_75_3_50,-1.122463974178195,0.0268,271.0091637424698,0.0,Potential signal (strategy not outperforming),True,75,3,50
mlp_pca_75_8_20,-0.8367509445202589,0.1254,168.08487190062414,0.0303,Potential signal (strategy not outperforming),True,75,8,20
mlp_nogarch_5_20,-0.34404912223112594,0.5459,218.25550533608214,0.0121,Potential signal (strategy not outperforming),False,,5,20
mlp_pca_75_5_10,-1.1255828778433385,0.0317,237.3471488880898,0.0011,Potential signal (strategy not outperforming),True,75,5,10
mlp_pca_75_5_20,-1.1159851362760604,0.0333,236.5629330320001,0.0012,Potential signal (strategy not outperforming),True,75,5,20
mlp_pca_75_5_50,-1.1159851362760604,0.0333,236.5629330320001,0.0012,Potential signal (strategy not outperforming),True,75,5,50
mlp_nogarch_5_10,-0.4458287813666725,0.4311,202.94388501854763,0.0193,Potential signal (strategy not outperforming),False,,5,10
mlp_pca_75_8_10,-0.8462893419006683,0.1211,169.05439926055402,0.0291,Potential signal (strategy not outperforming),True,75,8,10
xgb_sig_75_3_10,-0.540011785698161,0.3095,205.41313925395758,0.0485,Potential signal (strategy not outperforming),True,75,3,10
mlp_pca_nogarch_3_10,-1.067670624146877,0.0471,266.8927260395168,0.0014,Potential signal (strategy not outperforming),False,,3,10
mlp_pca_nogarch_3_20,-1.057687716643422,0.0498,266.2224463990847,0.0014,Potential signal (strategy not outperforming),False,,3,20
mlp_75_3_50,-0.06619065131996027,0.8994,350.69376764841314,0.0001,Potential signal (strategy not outperforming),True,75,3,50
xgb_nofs_90_50_5,-0.47529366077457447,0.3695,-224.26348893806397,0.0324,Potential signal (strategy not outperforming),True,90,50,5
rf_sig_50_5_20,-0.4370318591678941,0.3778,106.86690005285988,0.0405,Potential signal (strategy not outperforming),True,50,5,20
rf_sig_50_5_50,-0.42850293570026654,0.4004,105.03486671549216,0.0281,Potential signal (strategy not outperforming),True,50,5,50
mlp_75_5_50,-0.16229516616141182,0.7634,234.59543959204677,0.0066,Potential signal (strategy not outperforming),True,75,5,50
mlp_75_5_20,-0.18293908170010398,0.7316,226.39835588016362,0.0086,Potential signal (strategy not outperforming),True,75,5,20
mlp_75_5_10,-0.2761409148648023,0.6045,191.13649223548276,0.0321,Potential signal (strategy not outperforming),True,75,5,10
mlp_75_3_20,-0.11042187877193776,0.8362,319.3169970563448,0.0004,Potential signal (strategy not outperforming),True,75,3,20
mlp_pca_nogarch_3_50,-1.057687716643422,0.0498,266.2224463990847,0.0014,Potential signal (strategy not outperforming),False,,3,50
xgb_nofs_nogarch_8_5,-0.5493012853951745,0.2915,-274.08974619363823,0.011,Potential signal (strategy not outperforming),False,,8,5
mlp_75_3_10,-0.19328300911962726,0.711,285.4546397791298,0.0028,Potential signal (strategy not outperforming),True,75,3,10
mlp_75_3_5,-0.3343775636181241,0.5087,198.81536575811802,0.0344,Potential signal (strategy not outperforming),True,75,3,5
xgb_nofs_nogarch_50_5,-0.5579285106333604,0.2845,-272.419389231609,0.0098,Potential signal (strategy not outperforming),False,,50,5
mlp_50_3_20,0.1540107244622143,0.751,235.44106014466374,0.0201,Potential signal (strategy not outperforming),True,50,3,20
mlp_50_3_50,0.14174651189965504,0.7742,229.53618732414134,0.0203,Potential signal (strategy not outperforming),True,50,3,50
mlp_75_8_50,-0.09712008708094544,0.8631,169.9052152657025,0.0459,Potential signal (strategy not outperforming),True,75,8,50
xgb_nofs_90_8_5,-0.42897383499963426,0.4113,-213.68859902402932,0.0487,Potential signal (strategy not outperforming),True,90,8,5
rf_sig_50_3_20,-0.069762703980363,0.8855,126.87911924560235,0.0345,Potential signal (strategy not outperforming),True,50,3,20
mlp_90_3_5,-0.26401081990465647,0.6159,220.9939511110989,0.0199,Potential signal (strategy not outperforming),True,90,3,5
mlp_90_3_10,-0.09840546172640907,0.8616,324.86951348762983,0.0013,Potential signal (strategy not outperforming),True,90,3,10
mlp_90_3_20,-0.0373154240472553,0.9453,384.06072368979096,0.0001,Potential signal (strategy not outperforming),True,90,3,20
mlp_90_3_50,-0.015761516653389207,0.9781,395.076055736675,0.0001,Potential signal (strategy not outperforming),True,90,3,50
xgb_sig_50_3_20,-0.2790842918115126,0.5882,243.1712012117929,0.011,Potential signal (strategy not outperforming),True,50,3,20
xgb_sig_50_3_50,-0.29860679492300335,0.5619,253.2861190165754,0.0076,Potential signal (strategy not outperforming),True,50,3,50
mlp_90_5_10,-0.2148650348435429,0.7001,288.08204775097045,0.0019,Potential signal (strategy not outperforming),True,90,5,10
xgb_sig_50_5_20,-0.3098990294020183,0.5645,191.9315969141292,0.0264,Potential signal (strategy not outperforming),True,50,5,20
xgb_sig_50_5_50,-0.3293907192193297,0.5425,201.4761487635389,0.0174,Potential signal (strategy not outperforming),True,50,5,50
mlp_90_5_20,-0.10309838903883739,0.8541,322.6869687993177,0.0008,Potential signal (strategy not outperforming),True,90,5,20
mlp_90_5_50,-0.08168866148209275,0.8891,331.58198345243954,0.0005,Potential signal (strategy not outperforming),True,90,5,50
mlp_pca_nogarch_5_50,-0.9746290174569336,0.0764,194.61865464057985,0.0246,Potential signal (strategy not outperforming),False,,5,50
mlp_pca_nogarch_5_20,-0.9746290174569336,0.0764,194.61865464057985,0.0246,Potential signal (strategy not outperforming),False,,5,20
mlp_pca_nogarch_5_10,-0.9843451927718683,0.0749,195.3479571235149,0.0236,Potential signal (strategy not outperforming),False,,5,10
mlp_pca_50_3_50,-1.0830000680735927,0.0218,249.82053405493315,0.0001,Potential signal (strategy not outperforming),True,50,3,50
mlp_pca_50_3_10,-1.0586487032967313,0.0245,240.42633716125013,0.0005,Potential signal (strategy not outperforming),True,50,3,10
rsi_pure_8_10,-0.13513776125805654,0.7821,158.2569826042922,0.0013,Potential signal (strategy not outperforming),False,,8,10
rsi_garch_75_3_10,-0.29686845895491665,0.4676,248.86156238518845,0.0,Potential signal (strategy not outperforming),True,75,3,10
rsi_garch_50_8_50,-0.4382135554484131,0.3152,150.17246430256225,0.0,Potential signal (strategy not outperforming),True,50,8,50
rsi_garch_50_50_5,-0.09278544200251138,0.8446,94.21943545579941,0.0252,Potential signal (strategy not outperforming),True,50,50,5
rsi_garch_50_50_10,-0.08585961648102736,0.8626,145.28763182594278,0.0003,Potential signal (strategy not outperforming),True,50,50,10
rsi_garch_50_50_20,-0.11263384087250483,0.8219,151.88427748586693,0.0001,Potential signal (strategy not outperforming),True,50,50,20
rsi_garch_50_50_50,-0.11263384087250483,0.8219,151.88427748586693,0.0001,Potential signal (strategy not outperforming),True,50,50,50
rsi_garch_75_3_5,-0.5340829206820813,0.1734,217.02281373424725,0.0,Potential signal (strategy not outperforming),True,75,3,5
rsi_garch_75_3_20,-0.31007871043155344,0.4585,282.60912601348963,0.0,Potential signal (strategy not outperforming),True,75,3,20
rsi_garch_50_8_10,-0.4463974369766195,0.2956,125.39632734509993,0.0002,Potential signal (strategy not outperforming),True,50,8,10
rsi_garch_75_3_50,-0.31007871043155344,0.4585,282.60912601348963,0.0,Potential signal (strategy not outperforming),True,75,3,50
rsi_garch_75_5_5,-0.5701813288519679,0.1602,213.8860764026376,0.0,Potential signal (strategy not outperforming),True,75,5,5
rsi_garch_75_5_10,-0.353125302370768,0.3964,263.54212520913717,0.0,Potential signal (strategy not outperforming),True,75,5,10
rsi_garch_75_5_20,-0.3667349741951069,0.3959,297.2575081027617,0.0,Potential signal (strategy not outperforming),True,75,5,20
rsi_garch_75_5_50,-0.3667349741951069,0.3959,297.2575081027617,0.0,Potential signal (strategy not outperforming),True,75,5,50
rsi_garch_75_8_10,-0.297887237687982,0.486,152.1196926010406,0.0007,Potential signal (strategy not outperforming),True,75,8,10
rsi_garch_50_8_20,-0.4382135554484131,0.3152,150.17246430256225,0.0,Potential signal (strategy not outperforming),True,50,8,20
rsi_garch_50_8_5,-0.5834409782339129,0.1605,74.18455567196209,0.0395,Potential signal (strategy not outperforming),True,50,8,5
mlp_pca_50_3_5,-1.0265037293529098,0.026,164.5261630033463,0.0186,Potential signal (strategy not outperforming),True,50,3,5
rsi_garch_50_3_10,-0.4801341119934365,0.2263,195.55060445523003,0.0,Potential signal (strategy not outperforming),True,50,3,10
rsi_pure_8_20,-0.17003258746857253,0.7265,219.87533896470853,0.0,Potential signal (strategy not outperforming),False,,8,20
rsi_pure_8_50,-0.17003258746857253,0.7265,219.87533896470853,0.0,Potential signal (strategy not outperforming),False,,8,50
rsi_pure_50_10,-0.09538571717217748,0.8499,161.2185834302262,0.0002,Potential signal (strategy not outperforming),False,,50,10
rsi_pure_50_20,-0.11655581949290073,0.8198,185.38517506882155,0.0,Potential signal (strategy not outperforming),False,,50,20
rsi_pure_50_50,-0.11655581949290073,0.8198,185.38517506882155,0.0,Potential signal (strategy not outperforming),False,,50,50
rsi_garch_50_3_5,-0.6032195824310546,0.1183,174.99481155639205,0.0001,Potential signal (strategy not outperforming),True,50,3,5
rsi_garch_50_3_20,-0.47212220726503007,0.2479,222.50524150325742,0.0,Potential signal (strategy not outperforming),True,50,3,20
rsi_garch_50_5_50,-0.529542480211822,0.2067,232.5905063702089,0.0,Potential signal (strategy not outperforming),True,50,5,50
rsi_garch_50_3_50,-0.47212220726503007,0.2479,222.50524150325742,0.0,Potential signal (strategy not outperforming),True,50,3,50
rsi_garch_50_5_5,-0.6389202766641572,0.1056,174.67162521894164,0.0001,Potential signal (strategy not outperforming),True,50,5,5
rf_sig_fs_90_3_50,-0.15337023433224584,0.7534,140.9909189240231,0.0281,Potential signal (strategy not outperforming),True,90,3,50
rf_sig_fs_90_3_20,-0.18287993809905712,0.7016,141.56178434795453,0.0373,Potential signal (strategy not outperforming),True,90,3,20
rsi_garch_50_5_10,-0.5382158229491129,0.1882,205.58195239175168,0.0,Potential signal (strategy not outperforming),True,50,5,10
rsi_garch_50_5_20,-0.529542480211822,0.2067,232.5905063702089,0.0,Potential signal (strategy not outperforming),True,50,5,20
rsi_garch_75_8_20,-0.3112791075327608,0.4791,182.3836053682405,0.0002,Potential signal (strategy not outperforming),True,75,8,20
rsi_garch_75_8_50,-0.3112791075327608,0.4791,182.3836053682405,0.0002,Potential signal (strategy not outperforming),True,75,8,50
rsi_garch_75_50_5,-0.10238860371973668,0.8318,147.61680257934995,0.0008,Potential signal (strategy not outperforming),True,75,50,5
mlp_sig_90_3_20,-0.25172156763505504,0.6515,300.6251893123306,0.0024,Potential signal (strategy not outperforming),True,90,3,20
mlp_sig_nogarch_3_20,-0.2933765841966567,0.6158,351.17857005464543,0.0004,Potential signal (strategy not outperforming),False,,3,20
mlp_sig_nogarch_3_10,-0.30319702583769814,0.5985,318.90049688494645,0.0018,Potential signal (strategy not outperforming),False,,3,10
xgb_90_5_5,-0.4783949412377724,0.3616,-213.04276649954465,0.0482,Potential signal (strategy not outperforming),True,90,5,5
xgb_90_8_5,-0.3877676295411111,0.4593,-278.4202030232832,0.0107,Potential signal (strategy not outperforming),True,90,8,5
xgb_90_50_5,-0.34881978641806,0.5057,-287.41643306096165,0.009,Potential signal (strategy not outperforming),True,90,50,5
mlp_sig_90_3_50,-0.2506918638586294,0.6572,307.7317668512778,0.0018,Potential signal (strategy not outperforming),True,90,3,50
mlp_sig_90_3_10,-0.3602090692732446,0.5056,245.81954604325577,0.0107,Potential signal (strategy not outperforming),True,90,3,10
rsi_garch_75_50_10,-0.08525620862199779,0.8622,198.5639226094843,0.0,Potential signal (strategy not outperforming),True,75,50,10
xgb_nogarch_8_5,-0.41450630139141176,0.4379,-274.9863090711165,0.0153,Potential signal (strategy not outperforming),False,,8,5
mlp_sig_75_3_50,-0.17527612652754077,0.7486,263.61861706922076,0.0056,Potential signal (strategy not outperforming),True,75,3,50
mlp_sig_75_3_20,-0.17448987571747598,0.7476,254.82562721330555,0.0076,Potential signal (strategy not outperforming),True,75,3,20
mlp_sig_75_3_10,-0.30849654331777776,0.5575,192.2649522673919,0.0431,Potential signal (strategy not outperforming),True,75,3,10
xgb_nogarch_50_5,-0.3967075113323818,0.4574,-301.68885153641696,0.0061,Potential signal (strategy not outperforming),False,,50,5
xgb_nogarch_50_10,-0.20039366431119832,0.7001,-280.91973805266525,0.0274,Potential signal (strategy not outperforming),False,,50,10
mlp_sig_nogarch_3_50,-0.3137155390780414,0.5895,360.1507222661842,0.0003,Potential signal (strategy not outperforming),False,,3,50
rsi_garch_90_50_50,-0.04138279215099294,0.9321,178.34214590623998,0.0002,Potential signal (strategy not outperforming),True,90,50,50
rsi_garch_90_50_20,-0.04138279215099294,0.9321,178.34214590623998,0.0002,Potential signal (strategy not outperforming),True,90,50,20
rsi_garch_90_50_10,-0.0202562824954986,0.9672,151.42243487665309,0.001,Potential signal (strategy not outperforming),True,90,50,10
rsi_garch_90_8_50,-0.22819320737738547,0.6256,176.66165459019442,0.0002,Potential signal (strategy not outperforming),True,90,8,50
rsi_garch_90_8_20,-0.22819320737738547,0.6256,176.66165459019442,0.0002,Potential signal (strategy not outperforming),True,90,8,20
rsi_garch_90_8_10,-0.2201928996154453,0.6347,127.6204674179568,0.0055,Potential signal (strategy not outperforming),True,90,8,10
rsi_garch_90_5_50,-0.3205475525838548,0.4732,299.8536171067618,0.0,Potential signal (strategy not outperforming),True,90,5,50
rsi_garch_90_5_20,-0.3205475525838548,0.4732,299.8536171067618,0.0,Potential signal (strategy not outperforming),True,90,5,20
rsi_garch_90_5_10,-0.3128169241954465,0.4715,248.19261914475447,0.0,Potential signal (strategy not outperforming),True,90,5,10
rsi_garch_90_5_5,-0.4051830015702369,0.3251,169.37561792828683,0.0009,Potential signal (strategy not outperforming),True,90,5,5
rsi_garch_90_3_50,-0.16295264154795552,0.7134,292.1885760394521,0.0,Potential signal (strategy not outperforming),True,90,3,50
rsi_garch_90_3_20,-0.16295264154795552,0.7134,292.1885760394521,0.0,Potential signal (strategy not outperforming),True,90,3,20
rsi_garch_90_3_10,-0.15498210447721994,0.7239,235.694581786419,0.0,Potential signal (strategy not outperforming),True,90,3,10
rsi_garch_90_3_5,-0.27450674405181585,0.4955,155.24830103125353,0.0066,Potential signal (strategy not outperforming),True,90,3,5
rsi_garch_75_50_50,-0.11201505564691794,0.8178,205.03185163668394,0.0,Potential signal (strategy not outperforming),True,75,50,50
rsi_garch_75_50_20,-0.11201505564691794,0.8178,205.03185163668394,0.0,Potential signal (strategy not outperforming),True,75,50,20
bb_pure_3_5,-0.2841219498805704,0.4865,-154.57288959403996,0.0004,Potential signal (strategy not outperforming),False,,3,5
